idEstudiante,idPrograma,nombreDirector,empresa,duracionContrato
1,5,Irv O'Dogherty,Armstrong Group,6
2,53,Clayton Scudder,"Grady, Boyer and Pfannerstill",5
3,71,Barclay Dronsfield,"Boyle, Wilderman and Gleason",4
4,66,Bellanca Lympenie,"Goodwin, Smith and Kuphal",4
5,52,Beverie Towe,"Koelpin, O'Reilly and Goodwin",6
6,20,Josefa Pirson,"Kuvalis, Goldner and Rosenbaum",6
7,61,Thorpe Yakuntsov,Feeney-Bayer,4
8,30,Heinrik Guiton,"Effertz, Bartell and Walker",5
9,65,Isa Bernat,Stanton Inc,5
10,62,Venita Achromov,Rath Group,5
11,72,Lorilyn Westhoff,Hickle-Wilkinson,4
12,4,Gianna Sugar,"Sauer, Wilderman and Blick",4
13,39,Kirbee Tack,Aufderhar and Sons,4
14,38,Averil Daglish,Parisian Inc,6
15,49,Orlando Lowing,Jenkins-Morissette,4
16,45,Nady Litton,Armstrong-Olson,5
17,34,Flori Champkin,Harvey Group,5
18,68,Ellswerth Peregrine,Abernathy Inc,5
19,69,Sandi Garritley,Grady Group,5
20,39,Angelita Jolliman,"Considine, Lemke and Quitzon",5
21,72,Mahmoud Barlie,Pollich-Hoppe,5
22,16,Oralee Wimbush,Klein-Marks,5
23,79,Marylin Bedle,Dibbert Group,5
24,62,Flor Abramamovh,White and Sons,5
25,61,Mellisent MacArthur,Glover-Mayert,6
26,17,Bevan Bravery,Mohr and Sons,4
27,75,Trix Waterfall,Stehr and Sons,5
28,23,Moll Hupka,"Bergnaum, Kassulke and Larkin",4
29,11,Kelsy McKeevers,Legros-Borer,4
30,35,Brew Quinevan,Lockman-Hamill,4
31,64,Base Tallach,"Roberts, Mohr and Goodwin",4
32,12,Merlina Bezemer,O'Hara Group,5
33,77,Sylvia Rojahn,"Conn, McKenzie and Wolf",5
34,57,Joline Jude,Mitchell-Bahringer,5
35,3,Jedediah Bengal,"Hackett, Homenick and Emmerich",6
36,38,Boniface Melendez,Luettgen Inc,5
37,18,Sheelah Tregiddo,Kessler LLC,4
38,38,Elisha Weyman,"Durgan, Leannon and Mayer",4
39,54,Arv Norway,Kovacek and Sons,4
40,46,Jaquelin Pieterick,Predovic LLC,5
41,16,Prue O'Driscole,Breitenberg Group,4
42,11,Liuka Zmitrichenko,"Schmeler, Cruickshank and Considine",4
43,24,Delmar Strettle,Dooley Inc,4
44,47,Tiphany Le Fevre,"Jaskolski, Wilderman and Haag",4
45,61,Sacha Potter,"Becker, Morissette and Beatty",6
46,74,Barb Shirtliff,Gerlach and Sons,5
47,43,Lydon Hazelhurst,Padberg-Brown,6
48,22,Yovonnda Trouncer,Huel Group,5
49,27,Simona Sigward,Gottlieb-O'Connell,4
50,77,Lindi Thompstone,Kshlerin LLC,6
51,62,Annalee Manwaring,O'Connell LLC,6
52,79,Laurianne Farrey,"Jaskolski, Lockman and Reichert",6
53,63,Ellynn Stuckes,Harvey-Olson,4
54,53,Nancee Vizor,"Toy, Schaden and Klein",4
55,17,Debor Willoughway,Graham Group,5
56,18,Shaughn Trimnell,Kshlerin-Harvey,5
57,76,Claretta Lakeman,O'Kon Inc,4
58,42,Powell Morecombe,"Frami, Greenholt and Goodwin",4
59,22,Lorie Strowthers,"Gorczany, Kohler and Tillman",5
60,74,Ealasaid Darbyshire,Brown LLC,4
61,40,Jolie Grahlman,Leannon-Farrell,6
62,61,Cosette Punchard,"Douglas, Hintz and Treutel",5
63,35,Herb Simonich,"Parker, Wilkinson and Kuhn",5
64,16,Pamelina Guidelli,Auer-Champlin,4
65,65,Arthur Barfford,Rippin Group,5
66,64,Michaella Gibke,"Greenfelder, Mitchell and Gulgowski",6
67,6,Bord MacKessock,Gutkowski and Sons,5
68,54,Beverie Wyer,Balistreri Group,6
69,64,Brad Pregel,"Bayer, Kuhn and Windler",5
70,19,Caro Stranger,Hettinger-Boyle,4
71,20,Shawna Evins,Wiza-Abshire,6
72,10,Gifford Klimentov,Jast-Wintheiser,6
73,58,Sheba Wickie,Hauck-Rippin,4
74,16,Kamilah Bloyes,Kirlin-Windler,6
75,2,Stesha Warlton,"Hansen, Stehr and Spencer",6
76,19,Pattie Maxsted,"Haley, Crona and Hudson",4
77,34,Agosto O'Mahoney,Hayes-Ferry,5
78,29,Hali Spawton,Haag Inc,6
79,80,Mab Morcomb,Kuhlman-Emmerich,6
80,32,Joeann Molian,Koss-Lehner,4
81,27,Cathe Allcroft,"Kohler, Wolf and Emmerich",4
82,59,Kenn Palethorpe,"Schoen, Lind and Hand",4
83,5,Margarette Peepall,Price-Ullrich,4
84,29,Tommi Penright,"Frami, Schneider and Reichert",4
85,66,Laurie Cliffe,"Lynch, McCullough and Reinger",4
86,57,Tamar Durrant,Gerhold-Herzog,4
87,26,Gillan MacGinley,"Powlowski, Howell and Ullrich",6
88,29,Serene Pilcher,Nitzsche Group,5
89,48,Damian Gawthrope,Ritchie LLC,6
90,54,Biddy Tommeo,Cole Inc,5
91,72,Giuseppe Marklund,Collins and Sons,4
92,12,Clair Phare,Cummerata-Dare,6
93,30,Nomi Bulch,Harris-Boyle,5
94,37,Kacy Kevis,Cartwright LLC,5
95,67,Graham Pancost,Reynolds LLC,4
96,46,Arnuad Sandey,Russel and Sons,4
97,7,Aileen Pywell,"Kassulke, Ziemann and Ebert",6
98,6,Shaun Fishley,Cartwright-Reilly,6
99,1,Hilton Toffano,Koss and Sons,4
100,20,Kendell De Angelo,Kreiger LLC,5
101,64,Patsy Pabelik,Ullrich LLC,6
102,12,Law Thomel,"Howe, Kris and Berge",6
103,10,Stephani Tregea,"Williamson, Schiller and Lebsack",4
104,17,Terri-jo Fenners,"Friesen, Moen and Balistreri",6
105,38,Martica Gianni,"Dooley, Rowe and Reichel",6
106,3,Basilius Brister,"Boyer, Moen and Haag",4
107,57,Antonietta Benedit,Collins-Gutmann,5
108,60,Laurel Armin,"Little, Kuhn and Kunde",6
109,46,Amata Blanshard,Ullrich-Streich,5
110,6,Arleta Battell,Gutmann-Koch,5
111,35,Morten Husthwaite,"Quigley, Kuphal and Kerluke",6
112,40,Gunar Jagiello,Hilll-Rau,5
113,34,Bobina Kadwallider,Prohaska Group,5
114,37,Baldwin Mattholie,"Schulist, Kertzmann and Daniel",4
115,53,Reed McAuley,"Hudson, Kovacek and Kovacek",5
116,79,Della Nussii,"Zieme, Hammes and Buckridge",6
117,73,Mendy Grayshan,Ortiz-Pollich,5
118,41,Wanids Jeandot,Ernser-Hahn,6
119,72,Lotty Savaage,"Funk, Franecki and Volkman",6
120,1,Harlen Wetton,Gerlach-Strosin,6
121,53,Stacy Markson,Ward-Jenkins,6
122,16,Shepard Goulbourn,Osinski and Sons,5
123,63,Andromache Wadhams,"Murazik, Torp and Waelchi",4
124,23,Morgan Gaskin,Mohr Group,5
125,55,Greg Soot,"Kuvalis, Murazik and Cronin",6
126,7,Lamont Rhodef,Aufderhar-Pollich,4
127,8,Mel Weddeburn - Scrimgeour,"Hammes, Effertz and Keeling",5
128,2,Penrod Trood,Bartoletti Inc,5
129,8,Fleming Ruckhard,"Koch, Torphy and Heidenreich",4
130,3,Iolande Nelthrop,Torphy LLC,5
131,35,Lusa Capsey,Romaguera Group,6
132,7,Nichol Sager,"McGlynn, Morar and Haag",4
133,43,Livvie Tutin,Simonis and Sons,4
134,41,Judi Orr,"Dach, Orn and Bosco",5
135,33,Garret Saleway,"Crooks, Stroman and Sawayn",6
136,57,Cassandry Rathke,Bernhard-Kuvalis,4
137,68,Tedie Ogelsby,"Jones, Breitenberg and Lynch",5
138,26,Gearalt Bruhnsen,Bashirian-Quitzon,5
139,43,Eloise Steventon,Hackett and Sons,5
140,27,Kore Burree,"Ankunding, Treutel and Schroeder",6
141,40,Nessie Reucastle,"Graham, Nikolaus and Moore",4
142,36,Aleksandr Bench,Bednar and Sons,4
143,16,Bartholomeo Myerscough,Romaguera Group,4
144,49,Trent Lamp,Konopelski-Cremin,4
145,36,Clarisse Hollerin,"Yundt, Abbott and Kerluke",4
146,50,Caryl Berringer,"Glover, O'Conner and Keebler",4
147,76,Jayme Calbaithe,Price-Douglas,4
148,56,Chrissy Calverd,"Mertz, Ankunding and O'Conner",4
149,60,Adorne Arbuckle,"Denesik, Goodwin and Hayes",5
150,16,Winna Gratland,Schumm and Sons,5
151,41,Humfrey Allibon,Leuschke and Sons,5
152,80,Batholomew Hallgate,"Hettinger, Hauck and Emmerich",4
153,75,Hyacinthia Itzkovwitch,"Hackett, Torp and Bednar",6
154,4,Hatty Shiel,Huels-Wilkinson,6
155,62,June MacShirie,"Kovacek, Ernser and McKenzie",6
156,37,Roxanne Jaegar,Pacocha LLC,4
157,76,Robbi Sellstrom,Gusikowski LLC,4
158,44,Doe Yarnall,Lynch Inc,5
159,38,Kurtis Geertje,Cummings Inc,5
160,8,Gustaf Sever,"Shields, Schmitt and Wilkinson",6
161,11,Suzi Thames,Wuckert LLC,4
162,4,Kim Scoterbosh,Pfeffer-Reynolds,5
163,49,Monti Puddin,Douglas and Sons,4
164,9,Vinita Kingdon,Ankunding Group,5
165,72,Jaymie Prescot,"Fritsch, Morissette and Batz",5
166,47,Carlynn Sondland,Kshlerin Inc,6
167,7,Dyann Matussow,Hane-Beer,5
168,33,Roxi McCrachen,Fadel and Sons,6
169,15,Oswald Bitcheno,Parisian-Koch,5
170,66,Freddi Simes,Upton LLC,4
171,22,Vivien Vinker,"McLaughlin, Bayer and Oberbrunner",5
172,34,Barnaby Devine,Stehr Group,6
173,55,Kaja Brogiotti,Bruen-Bahringer,4
174,22,Theresina Wyke,"Hills, Renner and Runolfsdottir",4
175,29,Jermaine Sawdon,Romaguera LLC,6
176,1,Kamillah Readwing,"O'Conner, Blanda and Medhurst",5
177,63,Muffin Bolus,"Boehm, Braun and Hessel",5
178,3,Flory Burras,Jast-Labadie,4
179,34,Benita Everington,"Stoltenberg, Dooley and Kilback",6
180,16,Glenine Ronci,"Schinner, Dare and Haley",4
181,20,Ram Takos,Carroll-Heathcote,4
182,67,Daryle Grimsdell,Strosin Group,4
183,54,Alvy Earp,Lakin-Fisher,5
184,74,Leonard Theaker,Feeney and Sons,4
185,16,Zebadiah Broschke,"Reynolds, Swift and Ratke",6
186,56,Marabel Simoes,"Marks, Batz and Lueilwitz",4
187,29,Torrey Pickerin,Kerluke LLC,5
188,73,Mylo Slipper,Jast LLC,5
189,54,Issi Ommanney,Bins LLC,5
190,41,Zenia McKeowon,Rolfson-Hermann,5
191,18,Gay Penylton,"Orn, Bruen and Kub",5
192,16,Lenci Ormonde,Jenkins Inc,5
193,15,Abagail Yurikov,Sporer-Lakin,4
194,6,Leif Stokell,"Ebert, Leannon and Greenfelder",6
195,75,Lucienne Litchmore,White and Sons,5
196,47,My Granham,Breitenberg and Sons,6
197,41,Madelon Yurocjhin,Schowalter Group,4
198,32,Norrie Brockton,Predovic-Halvorson,6
199,45,Torin McParland,Jast and Sons,5
200,48,Rennie Crownshaw,Flatley Inc,4
201,19,Timothee Mantram,Schinner-Hudson,6
202,70,Violetta Cromly,Kuvalis-Halvorson,5
203,13,Garrott Konerding,Ryan Inc,4
204,24,Esmeralda Cathery,"Legros, Hamill and Miller",6
205,25,Basile Shergold,Champlin and Sons,4
206,4,Conni Ruppeli,Konopelski-Simonis,6
207,76,Benoite Basketter,Blanda Group,5
208,22,Kerk Roma,VonRueden Group,5
209,63,Errol Naisbet,"Sauer, Green and Jones",5
210,62,Barde Glashby,Christiansen-Balistreri,5
211,56,Mahmoud Lillford,Cartwright-Smith,6
212,72,Coralyn Dotterill,"Tromp, Mosciski and Dach",5
213,72,Prent Verne,Towne LLC,4
214,1,Layne Claussen,Hackett Group,4
215,48,Hyman Bartholomieu,Heller LLC,4
216,62,Franny Harvatt,Ritchie-Donnelly,4
217,69,Hugh Jauncey,"Bashirian, Corwin and Ortiz",4
218,56,Corey Askew,"Metz, Ward and Runolfsson",4
219,32,Natala Spafford,Simonis-Fahey,5
220,42,Tressa Jindracek,"Schultz, Konopelski and Weber",6
221,30,Berk Ficken,Crona-Thiel,4
222,73,Xylina Clyburn,"Wiza, Fahey and Pfannerstill",6
223,32,Dunc Taillant,Skiles Group,6
224,12,Winslow Sangra,Fay LLC,4
225,56,Katusha Pebworth,Wilderman Inc,5
226,68,Natasha Phillip,Grady-Breitenberg,5
227,43,Miner Feavyour,"Roob, Emard and Zieme",5
228,55,Sheba Thrustle,"Hackett, McGlynn and Armstrong",5
229,4,Appolonia Idney,Trantow-Schinner,5
230,30,Carlotta Luety,Oberbrunner Group,4
231,32,Margaux Shafto,"King, Schultz and Keeling",6
232,72,Ashlee Dewar,Hammes Group,6
233,47,Gleda Coxhell,Dach Group,4
234,20,Graehme Feldmann,Jerde-Armstrong,5
235,35,Valli Paik,"Franecki, Haley and Marvin",5
236,58,Saunder Bohlsen,Kilback Inc,5
237,64,Marijo Clouter,Von-Greenholt,4
238,21,Rose Neljes,"Macejkovic, Wisoky and Heller",6
239,34,Ellen Saunder,Bailey-Smitham,4
240,27,Whitney Syratt,"Blick, Beahan and Hintz",4
241,1,Georgiana Beazleigh,Block-Kozey,4
242,49,Hephzibah Brodie,Glover Inc,4
243,77,Hagan Iglesias,Jacobi-Kassulke,5
244,43,Tamma Farfull,"Conn, Harber and Ullrich",6
245,61,Remus Winser,Nicolas LLC,4
246,65,Regina Chazier,Jerde-Padberg,6
247,78,Raven Senecaut,"Corkery, West and Shields",6
248,64,Lanny McKeaney,"Reilly, Torp and Marvin",5
249,56,Collete Claybourne,Rempel Inc,6
250,47,Lanae Eeles,Feest-Reinger,4
251,76,Ofelia Gerretsen,"Rodriguez, Mann and Bechtelar",6
252,80,Larina Origan,"Moore, Doyle and Reichert",4
253,12,Oliviero Andryushin,"Koch, Abbott and Schaefer",4
254,79,Arabele Lowton,Waters-Daniel,5
255,43,Harland Kamien,"Weimann, Braun and Effertz",4
256,9,Jaine Dentith,"Heller, Bailey and Blanda",4
257,18,Chickie Pettyfar,Rowe Inc,6
258,40,Cristal Cann,Wiza-Wiegand,5
259,60,Valina Eskell,McClure-Romaguera,4
260,57,Reube Czyz,"Dietrich, Rice and Hane",5
261,2,Addie Koppeck,"Erdman, Cassin and Swaniawski",5
262,59,Nick Beton,"Rempel, Wehner and Balistreri",4
263,47,Miguel Hammond,"Roberts, Weimann and O'Keefe",5
264,32,Germaine Nanni,Smitham LLC,6
265,77,Kelvin Coke,Bergnaum-Ullrich,6
266,30,Billi Bluschke,Keebler Inc,5
267,73,Giana Sibun,Daugherty and Sons,5
268,7,Ashbey Picker,Zulauf Group,5
269,16,Rosita Fibbings,Padberg-Pollich,6
270,14,Sara de Najera,Kovacek-Bernier,5
271,56,Tiebold Smithe,Cummings Inc,5
272,21,Rosa Craisford,"Ullrich, Roob and Beer",6
273,64,Kearney De Filippi,"Macejkovic, Kub and Blick",6
274,21,Nicoline Nund,Tremblay and Sons,4
275,72,Velma Edmundson,Schuppe Inc,6
276,21,Thaddus Vynall,"Stroman, Kertzmann and Howe",6
277,54,Rickie Ivashinnikov,Bailey Inc,5
278,4,Tammi Baskeyfied,Abbott and Sons,6
279,23,Analiese Dufaire,"Stamm, Predovic and Jakubowski",4
280,70,Shawna Dumelow,Weissnat-O'Reilly,5
281,35,Finley Moore,Hettinger LLC,5
282,28,Alberta Raysdale,Hudson-Blick,5
283,56,Chalmers Eykelhof,Schaden Inc,4
284,56,Gottfried Euston,Purdy LLC,4
285,55,Lemuel Dundendale,D'Amore-Spinka,5
286,78,Verna Oldknowe,"Weissnat, Olson and Schmitt",6
287,71,Nichols Ivanishchev,Heidenreich LLC,5
288,55,Travus Vellacott,Sauer-O'Kon,4
289,54,Rachel Rapper,Stoltenberg Inc,6
290,39,Persis Siemianowicz,Weimann Group,5
291,23,Freeland Volcker,Jacobson-Rolfson,6
292,26,Cobbie Renol,Roberts Inc,5
293,7,Law Warwicker,Spencer-Luettgen,5
294,5,Valeda Renowden,Ratke LLC,5
295,19,Elwin Gerin,"Fisher, Barrows and MacGyver",4
296,56,Tore Ings,Jaskolski-Wintheiser,5
297,54,Dyane Antcliff,Ondricka and Sons,6
298,78,Yank Leeds,Herman LLC,4
299,30,Susie Achromov,"Tremblay, Armstrong and Hyatt",5
300,48,Vitoria Kennedy,McGlynn-Fahey,4
301,70,Mufinella Bligh,"Maggio, Wolff and Walter",6
302,29,Koralle Milverton,Gusikowski Inc,5
303,74,Pennie McInnes,Leuschke Group,6
304,5,Danita Bosma,Macejkovic-Turner,4
305,16,Randy Packington,Klein Inc,5
306,50,Saw Barham,Kling Group,4
307,68,Binny Castelletti,"Feest, Durgan and Schoen",6
308,67,Humfrey Greedy,Borer Group,5
309,12,Welbie Carder,"Becker, Medhurst and Mertz",4
310,16,Vittoria Cuncliffe,Bergnaum-Kerluke,5
311,54,Courtenay Nornable,Corkery Group,5
312,15,Hiram Alves,Wisozk Group,5
313,72,Robenia Gayton,Howell Group,5
314,36,Jeanelle Chapier,Ziemann-Ebert,4
315,42,Myrtle Gannicott,"Tillman, Nolan and Torp",4
316,37,Fred Aland,West-Buckridge,5
317,15,Christin Longega,"Beahan, Gutmann and Rodriguez",5
318,12,Rancell Kissock,Beier-Rohan,5
319,30,Brady Bointon,Wolf Group,4
320,57,Ninnette Crombleholme,Larkin-Hammes,4
321,61,Burnard Luckin,Gutkowski and Sons,6
322,56,Xymenes Cole,Schamberger-Jacobs,4
323,16,Cayla Water,McCullough Inc,5
324,48,Anton Wabe,Feil Inc,6
325,1,Yetta Doudny,"Quitzon, Russel and Auer",6
326,77,Caesar Creyke,"Bartoletti, Stamm and Green",5
327,52,Vassily Londing,Bechtelar Group,4
328,58,Devon Kyndred,"Runolfsdottir, Kunde and Huels",5
329,4,Harley Gottschalk,"Dibbert, Schmitt and Hartmann",6
330,66,Opaline Renzo,"Armstrong, Walsh and Wiegand",4
331,77,Alison Puddin,VonRueden-Langworth,5
332,10,Lita Alejandro,Ankunding LLC,6
333,78,Petronia Tangye,"Hammes, Ullrich and Thompson",6
334,58,Jilli Haggas,"Kertzmann, Dietrich and Mante",5
335,11,Jeth McNeachtain,"Beer, O'Connell and Wolf",6
336,8,Randolf Malimoe,"Torphy, Kautzer and Reynolds",4
337,4,Dulcy Kassel,Reilly-Lynch,6
338,38,Anderson Bault,O'Hara Inc,6
339,34,Cassie Dillinger,Lemke LLC,5
340,75,Gustavo Crissil,Weissnat LLC,6
341,77,Lexis McEwen,Tromp-Durgan,4
342,4,Suellen Bulman,Dicki-Fay,5
343,67,Ibby Lambotin,White-Lowe,6
344,25,Isaiah Le Page,"Moen, Rath and Batz",6
345,69,Eberto Ivins,Waters-Terry,6
346,5,Janice Burnsell,"Harber, Reilly and Parisian",5
347,17,Anthony Adair,Nader LLC,5
348,40,Marita Ballach,"Simonis, Emard and Ziemann",4
349,74,Karoly Mathon,"Nolan, Torphy and Rau",4
350,16,Lu Ennor,"Trantow, Crooks and Friesen",6
351,23,Ramon Harmon,Crooks LLC,4
352,42,Con Rohloff,"Tremblay, Ebert and Marks",4
353,55,Hebert Cana,Bins-Upton,6
354,74,Ketty Ruffell,"Osinski, Walsh and Goodwin",4
355,21,Virgie Mumm,"Towne, Orn and Abshire",6
356,7,Donny Phare,"Torphy, Carter and Cronin",4
357,9,D'arcy Treadway,Little-Sauer,6
358,54,Jo ann Morriarty,Nienow Inc,4
359,31,Rafa Jarmaine,O'Hara Inc,4
360,39,Wyndham McMeekan,Rutherford Inc,4
361,60,Gerardo Goldin,Koelpin-Weber,4
362,51,Neel Rodder,Ebert-White,6
363,67,Bernadine Cotsford,Murphy LLC,4
364,1,Mortie Skace,Blanda-Keebler,5
365,71,Rosemarie Sked,Labadie-Sanford,4
366,56,Turner Mickan,Nitzsche Group,5
367,25,Marie-jeanne Blamey,"Gleason, Metz and Kihn",6
368,54,Mischa Brunton,Torphy-Hessel,5
369,72,Ely Beining,Corkery and Sons,4
370,70,Ruperta Wither,"Lebsack, Mitchell and Bartoletti",4
371,67,Sean Ranns,Yundt LLC,4
372,4,Meier Salvin,Koch Inc,6
373,77,Roslyn Frow,Boehm LLC,6
374,21,Harmony Egre,Bernhard-DuBuque,5
375,65,Sapphira Hischke,Dach-Buckridge,5
376,23,Aubree Bartelet,Reynolds-Toy,6
377,53,Adamo Willerstone,"Gleichner, Turcotte and Rempel",4
378,54,Sofia Gladding,Reinger Inc,5
379,34,Evonne Girton,Torphy Group,5
380,32,Dania O' Bee,Herman Inc,6
381,19,Peterus Othen,Frami LLC,4
382,14,Royal Shimwall,Kris and Sons,6
383,52,Anette Iacovozzo,Turner-Harber,6
384,77,Marietta Ketchen,Bruen and Sons,5
385,29,Natty MacAllister,"Berge, Heller and D'Amore",6
386,36,Enrika Russe,Hilpert-Huels,6
387,72,Trace Pitt,Hilll Group,4
388,17,Joly Blint,Cole Inc,4
389,24,Graig Kubiak,Stokes Group,4
390,55,Uriel Ferrierio,Terry Inc,6
391,69,Alysa Espinel,Funk LLC,5
392,70,Sammy Osman,"Green, Considine and Hahn",6
393,44,Althea Scriven,Ondricka Inc,4
394,20,Jerrome Lutwidge,Sawayn Group,4
395,19,Laverne Schiersch,"Weissnat, Wolff and Nolan",4
396,79,Vite Taunton,Skiles-Quigley,4
397,21,Carolan Soles,Schoen-Jacobson,5
398,60,Devlen Penrith,Pfeffer-Braun,5
399,15,Rachael O'Luney,Cronin-Von,6
400,58,Moll Ebbings,"Kuphal, Wintheiser and Boyer",4
401,1,Selia Currao,O'Hara Inc,6
402,44,Calida Naire,"Doyle, Rodriguez and Maggio",6
403,68,Luis Gionettitti,"Grady, Kris and Emmerich",5
404,71,Sophey Yakobovicz,Raynor-Hegmann,5
405,36,Moshe Magner,Schuster and Sons,6
406,36,Nanci Banham,"Bruen, Mills and Hammes",6
407,42,Udale Tortoishell,"Kohler, Hartmann and Strosin",4
408,19,Timmy Derby,Toy LLC,4
409,10,Allx Joss,"Stokes, Zieme and Herman",4
410,57,Barbara Tarbet,Halvorson-Bashirian,5
411,39,Gladi Crawford,"Brakus, Cummerata and Schumm",4
412,2,Tucky Checketts,"Hauck, Grant and Goodwin",5
413,34,Dana Darben,"Olson, Pouros and Lynch",6
414,51,Paulie Foucher,Auer Group,6
415,61,Willy Penlington,Christiansen-Welch,4
416,70,Hilda Compfort,O'Keefe Inc,5
417,21,Clint Ervine,Gleichner Inc,4
418,62,Pru Cecere,"Muller, Wilderman and Reichel",6
419,71,Marilee Leeburne,Schaden and Sons,6
420,5,Munroe Mooreed,Hilpert Inc,6
421,69,Carmel Stevings,Halvorson Inc,6
422,57,Boothe Revance,Carroll LLC,4
423,6,Gretta Shoreman,"Lebsack, Stark and Grady",6
424,79,Oliviero Banishevitz,Weissnat and Sons,6
425,25,Esma Valler,Beier-Heller,5
426,2,Eziechiele Samett,Green-Steuber,5
427,69,Thornton Sainsbury-Brown,Wiegand Inc,6
428,16,Joshia Blunderfield,"Kihn, Considine and Hudson",6
429,43,Clotilda Lerwell,Kreiger Group,4
430,40,Licha Manach,Grady-Conn,6
431,42,Giavani Toomer,Gottlieb-Cassin,5
432,18,Shoshana Izakof,"Renner, Auer and Hahn",5
433,17,Adan Rushton,Farrell and Sons,4
434,42,Pate Addionizio,Rohan LLC,4
435,52,Rossie Rops,Hamill Inc,5
436,50,Chrissie Coule,"Toy, Senger and Fisher",6
437,21,Mort Bathow,Anderson LLC,6
438,60,Lory Littlefair,Tillman-Bayer,6
439,61,Jerad Wilmut,Waelchi-Beier,6
440,14,Karrie Chagg,"Toy, Larson and Murazik",4
441,19,Margarete Ashfold,Stoltenberg Group,5
442,34,Dorry Brittan,"Bogan, Kub and Macejkovic",5
443,47,Stacy Sneath,Ritchie Group,5
444,40,Belle Flasby,"Wiegand, Marks and Price",4
445,63,Matteo Clemo,"Olson, Powlowski and Turcotte",6
446,36,Whitby McUre,Miller LLC,4
447,64,Thomasa Nisot,"Toy, Hackett and Beier",4
448,80,Estrella Richardes,Grimes and Sons,4
449,60,Corrine MacKey,Greenholt-Braun,6
450,73,Winifred Iglesia,Oberbrunner-Volkman,5
451,5,Hagan Dron,Feeney Inc,5
452,77,Lorry Kane,Walker LLC,5
453,79,Evangelina Angrock,Torphy-Roberts,5
454,30,Bale Zoanetti,Zieme and Sons,6
455,41,Karoly Girvan,O'Kon-Vandervort,4
456,74,Crista Barti,Dickinson-Mante,4
457,77,Jennica Teers,Nikolaus LLC,5
458,29,Rowan Smidmor,Nitzsche-Hermiston,5
459,21,Vina Simmans,Bartell-Crona,4
460,68,Patric Chantler,"O'Reilly, Stehr and Kihn",5
461,59,Orsola Normanton,"McKenzie, Goodwin and White",6
462,49,Cloris Gobeaux,Morissette-Rice,4
463,63,Northrup Wheadon,"McDermott, Heathcote and Labadie",6
464,46,Libbi Geake,Emard-Keeling,5
465,29,Dunn Terrans,Miller-Nader,5
466,22,Aloise Buzine,Ryan Inc,4
467,1,Ardelia Spurdle,"Heidenreich, Ratke and Jacobson",4
468,74,Yank Niave,"Schinner, Wilkinson and Turcotte",6
469,34,Alina Eatock,Wilkinson and Sons,4
470,56,Alyosha Clemont,"Davis, Nader and Kirlin",6
471,33,Noll Doman,"Schamberger, Upton and Ernser",4
472,70,Faber Spurling,Bashirian-Gleason,4
473,38,Louie Rodenburgh,"Murray, Brekke and Walsh",4
474,79,Pepito Challis,Stehr Inc,4
475,35,Bevvy Flaxman,Walker-Beier,4
476,22,Greggory Currm,"Littel, Bahringer and Schmitt",4
477,10,Jamey Vaughan,Casper Group,6
478,15,Edd Manuely,Bayer-Bode,6
479,22,Raddie Giovanetti,Boehm Group,4
480,47,Burgess Bletcher,Haag-Cummerata,6
481,55,Augy Lunny,Russel Group,4
482,46,Ravi Giacomuzzo,"Stoltenberg, Greenfelder and Kerluke",5
483,8,Willi Collman,"Grady, Powlowski and Swaniawski",5
484,23,Claudie Duplain,Kuvalis-Bogan,4
485,53,Orland Perview,Doyle-Stokes,5
486,12,Edie Rains,"Ritchie, Kris and Doyle",5
487,23,Virgilio Yurshev,Rath-Hartmann,4
488,70,Fifi Waumsley,Labadie-Moen,4
489,13,Luis Letchford,Kris LLC,5
490,47,Pepi Sollowaye,"Schmidt, Hilll and Daniel",5
491,30,Harrie Monan,"Torphy, Haley and Wisoky",6
492,33,Hurlee Trembey,"Hickle, Prosacco and Schiller",4
493,75,Rey Tockell,Stiedemann LLC,4
494,61,George Sowersby,Mosciski-Kshlerin,6
495,39,Terra Manjin,Turner Group,5
496,63,Frannie Thiem,Ortiz Group,4
497,80,Wynny Couthard,"Simonis, Frami and Bahringer",4
498,44,Jessy Cromly,"Gerlach, Pacocha and Barton",6
499,39,Lucien O'Dooghaine,Torp and Sons,4
500,37,Casar Escudier,Block Inc,5
501,19,Kelly Espinoza,"Hand, Rippin and Conn",6
502,65,Victoir Antoniou,"McKenzie, Dickinson and Crooks",6
503,55,Odelinda Whannel,"Casper, Rath and Walker",5
504,22,Lacey Baulch,Daniel-Ziemann,4
505,77,Kendell Slamaker,McDermott LLC,5
506,3,Ebba Keywood,Fritsch Inc,4
507,18,Katharyn Davsley,Becker Group,4
508,52,Kayle Windaybank,"Hand, Hirthe and Stokes",6
509,25,Mart Staniford,"Berge, Rodriguez and Hermann",5
510,40,Stormy Eicke,Pouros and Sons,6
511,57,Gae Farfalameev,"Jacobi, Hackett and Farrell",4
512,66,Herc Ellen,Upton-Halvorson,6
513,53,Lewie Petkov,Cummerata-Sanford,5
514,2,Kip Henrichsen,"Reinger, Quitzon and Bernhard",5
515,7,Nickolaus Flinders,"Hane, Carroll and Wilkinson",5
516,1,Jilly Lyddon,McGlynn-Lebsack,5
517,32,Sileas Springthorp,Haag-Schmeler,6
518,10,Monti Binney,West-Trantow,6
519,25,Abie Oattes,Huels Inc,5
520,15,Ronnie Leeds,"DuBuque, Hudson and Bogan",6
521,5,Andrea Okie,"Bahringer, Ebert and Bednar",4
522,23,Barnebas Sifflett,Mann and Sons,5
523,76,Zane Phelipeaux,Wiza-Predovic,4
524,4,Meryl Aherne,Hartmann and Sons,4
525,71,Heddi Deboy,Balistreri-Monahan,6
526,74,Sofie Lenz,Wiegand LLC,4
527,44,Kira Doran,"Nader, McCullough and Howell",5
528,58,Emmet Tailour,Dickens-Hills,5
529,61,Alberik Hankinson,Wiegand-Hahn,6
530,78,Fedora Liddle,Ziemann LLC,5
531,48,Benji Klesse,"Powlowski, Osinski and Marks",5
532,61,Zabrina Wallentin,Carter-Boyle,5
533,51,Darcy Bunney,D'Amore-Jacobson,6
534,15,Merle McClancy,"Treutel, Cummings and King",4
535,56,Jess Joao,Kohler and Sons,5
536,36,Tallou Targetter,"Koss, Grady and Lang",4
537,60,Jany Girone,Pacocha Group,6
538,12,Rheta Samworth,Weissnat Group,6
539,36,Kevon Risdale,Paucek-Bernier,6
540,77,Erick Starling,"Funk, Erdman and Ledner",4
541,18,Fee Ivashintsov,"Johns, Christiansen and Watsica",6
542,47,Aubree Hryniewicki,Kertzmann-Sipes,5
543,44,Rooney Cabell,Lockman Group,5
544,58,Aundrea Feldbrin,"Reichel, Gislason and Dach",5
545,62,Larry Allsepp,Ondricka-Klocko,4
546,31,Krishnah Mayes,Fahey and Sons,4
547,59,Hunter Mandel,"Bergnaum, Maggio and Bergstrom",6
548,57,Alec Ivanov,Weissnat and Sons,5
549,63,Guinevere Canas,Goyette-Turcotte,6
550,77,Elle Kun,McGlynn-Koepp,4
551,47,Lion Mathivat,Hackett-Schaefer,4
552,69,Aleta Wadesworth,Durgan-Smith,4
553,38,Shalne Tempest,Ratke-Murray,4
554,70,Peder D'Enrico,"Hartmann, Bechtelar and Nicolas",4
555,13,Kayne Ballaam,Witting and Sons,4
556,58,Shaylyn Forbes,"Orn, Swaniawski and Steuber",4
557,24,Glyn Rhys,"Gottlieb, Bednar and Huel",4
558,6,Ealasaid Nunan,Labadie-Murazik,6
559,33,Tabby Norway,"Reynolds, Robel and Hintz",5
560,80,Juana Eplate,Schneider Group,5
561,1,Jacquetta Stut,Stoltenberg-Bergstrom,5
562,78,Ruy Borge,Johnston LLC,4
563,74,Otis Petters,Steuber-Walsh,6
564,61,Gloriana Crayk,"Heaney, Bashirian and Greenfelder",6
565,62,Derek Leng,Wiegand-Greenholt,4
566,33,Parry Vignal,"Shields, Nitzsche and Hills",5
567,70,Owen Rattry,Okuneva-Schaefer,4
568,29,Sarge Seabrook,"Bednar, Dicki and Treutel",6
569,7,Annaliese Mellodey,Huels-Gorczany,4
570,5,Charlotte Alexandersson,Wuckert-Dickens,5
571,64,Lira Annear,Wyman-Jacobson,4
572,4,Gayle Thornley,"Metz, Parker and Towne",6
573,47,Braden Joinsey,"Hegmann, Herzog and Yost",4
574,75,Reinhold Dixie,"Schumm, Halvorson and Moore",4
575,35,Marta Borrett,Huel LLC,6
576,74,Gris Dewick,Langworth-Schuster,6
577,38,Abbey Chastaing,"Beahan, Mayert and Powlowski",6
578,14,Zsazsa Simister,"Strosin, Beier and Little",4
579,80,Elena Reedshaw,Welch Group,4
580,21,Almeria Boyles,Corkery-Ratke,5
581,71,Bartolomeo Shinton,Predovic LLC,5
582,67,Nehemiah Arnefield,"Hills, Jacobson and Altenwerth",4
583,60,Vivie Tarver,Collier-Renner,5
584,47,Wilfrid Fridd,"Maggio, Lowe and Schimmel",4
585,23,Gunner Gingle,Wisoky Inc,5
586,34,Hubie Fergusson,Johns-Vandervort,6
587,36,Darin Schwier,O'Keefe LLC,5
588,36,Aubrey Sprade,"Schmeler, Bayer and Will",4
589,76,Enrica Boolsen,Dickens LLC,4
590,25,Gizela Dalli,"Kris, Wehner and Harris",4
591,28,Rubi Beahan,Nicolas LLC,4
592,26,Israel Broadberry,"Bartoletti, Lindgren and Yundt",5
593,45,Gloriana Dimberline,Daugherty LLC,5
594,47,Dierdre Lakenton,"Braun, Collier and Dicki",4
595,9,Lezlie McClinton,Howell Inc,6
596,52,Rudyard Cana,Towne and Sons,4
597,71,Darcey Lief,"Labadie, Kreiger and Erdman",6
598,54,Livvie Hyman,"Hilll, Carroll and Conn",4
599,77,Emmit Ferfulle,"Crona, Trantow and Sanford",6
600,22,Mathias Nicol,Dach LLC,4
601,26,Gianni Strasse,Murazik Group,4
602,42,Elsa Pilbury,Mohr Group,6
603,64,Dun Peverell,Torphy Group,4
604,74,Garth Lochhead,Block LLC,4
605,20,Ashil Munden,Braun-Wisoky,4
606,42,Anabel Gerrels,"Cruickshank, Hoppe and Cassin",5
607,9,Zelma Sirett,"Brekke, Kuhlman and Dach",4
608,80,Janna Hemeret,Bradtke Inc,6
609,12,Marji Dockrell,"Dietrich, Goldner and Collier",5
610,52,Garek Pennicard,Borer-Strosin,5
611,59,Lennie Alf,Lynch-Jerde,5
612,73,Averil Foote,Effertz-Schmitt,4
613,48,Allyson Cawsy,VonRueden LLC,6
614,40,Prissie Irons,Swaniawski-Haag,6
615,23,Geordie Dix,"Weissnat, Jaskolski and Reynolds",6
616,66,Bing Luberto,"Douglas, Toy and Hayes",5
617,59,Land Hughs,Stoltenberg-Jast,4
618,2,Valery Espinas,Jerde-Rau,4
619,44,Glynn Spaduzza,"Mann, Reichel and Feil",5
620,78,Dimitri Chieze,"Green, Kris and Howell",6
621,2,Kristyn Brende,"Balistreri, Vandervort and Wolf",4
622,59,Elysia Thornton-Dewhirst,Gutkowski Group,5
623,63,Jerome Lampart,Moen-Douglas,5
624,34,Rowland Cumming,"Dach, Robel and Crooks",5
625,54,Arin Hucks,"Gleason, Green and Maggio",4
626,7,Fulvia Worts,Abshire-Wilkinson,6
627,55,Claude Yukhnin,Willms LLC,4
628,21,Christie Trevon,Durgan-Lynch,4
629,56,Halli Van der Veldt,"Mann, Predovic and Larkin",6
630,77,Merlina Filippucci,"Ortiz, Schuster and Lehner",6
631,69,Matthaeus MacLaverty,Bailey Group,6
632,21,Sigmund Widdecombe,"Casper, Jast and Wehner",5
633,22,Jaclin Bleckly,"Beer, Gleichner and Tremblay",6
634,65,Hendrick Master,"Beier, Torp and Dare",5
635,8,Obadiah Cawson,Will-Feil,5
636,66,Gale Mitchenson,Gottlieb LLC,6
637,25,Matthus Wantling,Casper-Aufderhar,5
638,40,Peyter Kearton,Schowalter LLC,5
639,11,Alexandrina Snel,"Medhurst, Hermiston and Hayes",6
640,67,Michaella Legrand,"Runolfsdottir, Ferry and Lowe",6
641,4,Reggy Lowten,Harvey-Harber,5
642,38,Ingamar Stoggell,Doyle and Sons,6
643,52,Yetty Burnes,Kirlin LLC,6
644,37,Theresina Stuttard,Wiegand-Osinski,4
645,56,Abbe Malafe,White-Kuhn,5
646,34,Halette Kalderon,Bernhard Group,4
647,22,Janela Foynes,Orn-Ortiz,6
648,12,Devondra Morfey,Armstrong and Sons,5
649,10,Tabina Havers,Mertz Group,5
650,66,Selinda Ramshay,"Robel, Sawayn and Hilpert",5
651,42,Lena Livard,Monahan Group,6
652,38,Gus Tellett,"Kulas, Ward and Ondricka",4
653,18,Ricky Labusquiere,Goldner-Dooley,6
654,58,Casper Doley,Blick Group,4
655,76,Arnoldo Scotting,Stamm-Schowalter,4
656,50,Micky Mc Harg,"Feil, Grimes and Bins",6
657,80,Neal Seamark,Schmeler-O'Connell,6
658,28,Dex Calafate,Jenkins-Aufderhar,6
659,74,Zared Troak,Heller Group,4
660,76,Holt Smythe,"Howell, Wyman and Farrell",6
661,64,Colly Heliar,Schinner LLC,5
662,80,Tessi Artus,Koch and Sons,6
663,38,Allyson Gwyn,Bashirian-Wilkinson,4
664,63,Caroljean Tabb,"Homenick, Hettinger and Schumm",6
665,63,Fabian Semon,"Walker, Johns and Jones",6
666,2,Alexandro Stirland,Nitzsche-Lakin,5
667,1,Rodrick Wortley,"Mertz, Connelly and Zieme",5
668,63,Nerta Webby,"Stiedemann, Wolf and Jast",4
669,30,Page Cellone,Quigley LLC,5
670,19,Haleigh Denziloe,Lebsack Inc,5
671,28,Ezmeralda Phette,"Bogisich, Brakus and Grant",5
672,7,Zsa zsa Imlock,"Becker, Little and Sporer",6
673,16,Remington Gilcriest,Torphy Group,5
674,7,Brigid Shoobridge,"Kuvalis, Koss and Shields",6
675,33,Lynett Bellwood,"Conn, Weimann and Will",4
676,68,Trixie Creak,"Ruecker, Bradtke and Auer",5
677,77,Aurlie Edmand,Mayert Group,4
678,22,Sigfrid Haeslier,Walsh-Murray,4
679,26,Ikey Huller,"Mraz, Rutherford and Beer",5
680,45,Marty Golby,Auer-Von,4
681,33,Louisa Domleo,Marvin-Greenholt,6
682,78,Nichole Pollicott,Larkin LLC,5
683,51,Lidia Yegoshin,Lakin and Sons,5
684,42,Byran Melbourn,"Carroll, Wilderman and Hintz",6
685,66,Karlis Romanin,Huel and Sons,5
686,19,Lauren Moreland,"Russel, Vandervort and Bradtke",4
687,18,Neils Fassum,Breitenberg and Sons,5
688,47,Ezra Pfleger,Weissnat-Bernier,4
689,49,Rufe Bowser,Johnston Inc,6
690,14,Winonah Himpson,"Pacocha, Bartell and Flatley",6
691,16,Elsinore Scholtz,Muller and Sons,4
692,17,Everett Leynton,"Casper, Kuphal and Johnson",5
693,75,Lenard Farnish,Russel-Hauck,5
694,28,Ediva Menendes,"Kirlin, Lynch and Morissette",6
695,68,Dori Cattermull,Wuckert Inc,4
696,66,Nichols Ainge,"Greenholt, Herzog and Cassin",6
697,11,Rochelle Hilland,"Balistreri, Von and Lind",5
698,80,Lexis Balden,Kreiger LLC,5
699,27,Feodora Shepheard,Walter Inc,4
700,57,Cord Roach,Brakus Inc,5
701,7,Annabel Clere,"Kiehn, Goyette and McLaughlin",4
702,5,Dene Emanson,Nikolaus-Zieme,5
703,69,Greer Mixter,Feeney Inc,4
704,4,Yves Siverns,Bergnaum Inc,4
705,55,Maurine Seabridge,Tillman and Sons,5
706,53,Andree Whooley,Skiles Inc,5
707,14,Magdalen Clappison,Simonis LLC,4
708,20,Marcelo Clemensen,Vandervort Group,5
709,22,Cordi Oury,Thompson Inc,4
710,40,Gaelan Corry,Hansen-Lakin,4
711,5,Rebekkah Kleiser,Leffler-Kessler,6
712,72,Dora Craske,Beahan-Boyer,5
713,25,Zeke Mathers,"Prosacco, Johns and Daugherty",5
714,35,Eddy Iacomini,"Kertzmann, Mertz and Russel",6
715,17,Elaina McFfaden,Heathcote-Hartmann,5
716,22,Naoma Cotilard,Kub-Bogan,6
717,17,Raimund Lipman,Johnson-Kihn,4
718,12,Iain Bramer,Casper-Lind,6
719,53,Dannye Godmer,"Raynor, Ziemann and Schaden",5
720,1,Deb Oxbury,"Funk, Haag and Weber",5
721,15,Sindee Lochet,Kerluke and Sons,5
722,20,Catlee Albarez,"Harvey, Koepp and Konopelski",6
723,77,Baxter Jeune,Treutel Inc,6
724,59,Sande Lanfer,Mraz-Mayer,5
725,61,Lyndsie Growcott,Murazik Inc,4
726,50,Hansiain Gilbody,Sporer Group,4
727,1,Gaspard Stredwick,Weimann and Sons,6
728,77,Shara Gentle,"Rau, Kozey and Ward",4
729,25,Caroline McCaffery,Schiller-VonRueden,6
730,59,Obie Mattiato,"Turcotte, Okuneva and Mitchell",5
731,6,Dasha Gammie,Luettgen-Wolff,6
732,79,Teresita Benito,Lindgren-Orn,6
733,67,Othello Awdry,Brown-Dickens,4
734,9,Frankie Dungey,Hills-Daniel,4
735,52,Ashlen Tugwell,Wintheiser-Reynolds,6
736,23,Kacey Stoltz,Rempel Group,5
737,28,Ryun Follacaro,Gutkowski-Hilll,4
738,29,Adey Bingall,Volkman-Aufderhar,6
739,3,Mikel Jillis,Mosciski-Dickens,6
740,11,Galven Symondson,Kemmer-Roob,6
741,48,Iona Hooke,"Green, Stanton and Brown",4
742,40,Jania Bowden,Dicki LLC,5
743,34,Mandi Heamus,Berge-Renner,5
744,60,Jessie Wethered,Spencer-McDermott,6
745,36,Dannie Taggerty,Ziemann Inc,5
746,27,Janel Karpenko,Kassulke-Dietrich,5
747,37,Mellicent Britt,Hessel LLC,6
748,55,Hewett Yansons,Rempel Inc,6
749,27,Vladamir Downton,DuBuque-Runolfsson,5
750,34,Karim Maud,Green LLC,6
751,32,Annetta Dockwra,"Ferry, Funk and Barrows",4
752,62,Darius Highman,Gleason-Murazik,4
753,12,Monika Kobes,Turcotte and Sons,5
754,38,Guglielma Heustice,"Dare, Langworth and Balistreri",4
755,64,Edlin Hands,Hahn Inc,6
756,74,Karna McClary,Becker-Kautzer,4
757,41,Kirbie Fauguel,"Terry, Collier and Armstrong",4
758,20,Emory Retallick,Keeling-Mayer,4
759,20,Megan Mandifield,Hettinger LLC,4
760,7,Elaina Cheetham,Wisoky-Rolfson,5
761,13,Tynan Streatfeild,"Parisian, Goldner and Stamm",5
762,8,Ferdinande Boom,Rath LLC,5
763,74,Briano Vallantine,Veum-Weissnat,5
764,12,Nicole Krier,Funk LLC,5
765,26,Yulma Palliser,"Mayer, Stracke and Grady",6
766,63,Bryn Pullman,Buckridge Inc,5
767,53,Konstantine Blaze,Armstrong-Boyle,4
768,43,Hilliary DelaField,"Fisher, Krajcik and Mante",6
769,11,Sadie Verma,"Ward, Osinski and Waters",6
770,75,Lotti Esherwood,Hamill LLC,4
771,71,Idell Pray,Hand-Macejkovic,5
772,15,Hershel Tow,Kulas Group,6
773,28,Stephine Jeandin,Dare-Ferry,6
774,68,Chrissie Callen,Nader Group,4
775,16,Anna-diane Mingame,Fahey Group,5
776,67,Lizzy Aldus,"Schinner, Weber and Kilback",4
777,67,Bernita Bram,Romaguera-Schmitt,4
778,31,Frasco Hagergham,Mitchell-Doyle,4
779,29,Anette Caveill,Greenfelder and Sons,4
780,20,Reggie Leaming,King and Sons,4
781,79,Renell Lewson,Kuhn-Toy,4
782,71,Farra Sturch,Nitzsche-Schmeler,5
783,28,Faber Rowbury,Wiza LLC,4
784,75,Serene Stenton,Morar Group,4
785,20,Roddy MacDonnell,Bayer-Orn,4
786,48,Tabina Dewen,Frami-Shanahan,6
787,79,Jennine Papa,Anderson Inc,4
788,13,Arleen Scathard,Wiza-Dietrich,5
789,41,Ezri Joriot,Renner-Lang,4
790,4,Bevon Konerding,Conn-Grant,5
791,73,Ware Gamon,Huels-Smith,6
792,23,Ted Cruz,Purdy-Turner,5
793,1,Niall Shreeves,Wisozk Group,5
794,59,Cloe Moorman,Dicki-Corkery,5
795,3,Jewelle Lanigan,Treutel Group,6
796,76,Gabbie Djorvic,King Group,5
797,59,Klarika McNeish,"Jaskolski, Kuhn and Powlowski",6
798,21,Lambert Ronan,Hammes Group,4
799,61,Cullen Sewell,Pfeffer-Corwin,4
800,67,Arman Scamaden,Schiller and Sons,4
801,25,Reese Mc Gorley,"Hettinger, Morar and Dietrich",6
802,27,Anton Tremberth,DuBuque-Wilkinson,6
803,30,Tomlin Lambregts,Kirlin-Kessler,4
804,65,Tina Gerardot,"Goldner, Konopelski and Bergnaum",6
805,54,Lida Cogger,Sporer-Stark,5
806,17,Rosemary Scholtz,Yundt and Sons,4
807,29,Ginevra Masey,Connelly LLC,5
808,70,Aleece Osgordby,Anderson-Nienow,4
809,72,Babs Mackrell,"Gibson, Rohan and Fritsch",4
810,33,Rad Haydock,"Stokes, Hamill and Schoen",6
811,14,Teodora Spellworth,Beahan and Sons,4
812,37,Andriette Apfelmann,"McKenzie, McLaughlin and Runte",5
813,56,Buck de Quincey,"Wuckert, Littel and Gerhold",5
814,47,Ferrell Juden,"Littel, Rutherford and Langworth",6
815,71,Terence Mandrake,Hickle LLC,6
816,6,Jessie Roots,"Waters, Jacobi and Leannon",4
817,35,Melitta Stockney,"Maggio, Cummings and Hamill",5
818,3,Stephan McAnellye,"Renner, Witting and Torphy",4
819,3,Sergeant Bengal,Runolfsdottir LLC,6
820,23,Sydney Jarrard,Schaden-Little,6
821,72,Delbert Judgkins,Leuschke LLC,4
822,19,Hillie Drewitt,"Kuhlman, Ortiz and D'Amore",6
823,26,Shana Van den Velde,"Kutch, Ledner and Zulauf",6
824,37,Marisa Peplaw,Kunze-Rosenbaum,6
825,1,Nickie Giroldi,"Connelly, Hickle and Lubowitz",5
826,80,Aurelie Buckley,"Zulauf, Lesch and Wolf",4
827,57,Merilee Moulsdall,Roberts-Jacobson,5
828,32,Carly Pirrey,Volkman-Wilkinson,5
829,27,Arty Dilleway,"Kling, Runolfsson and Zemlak",5
830,59,Adena Cheer,Kuphal LLC,4
831,23,Halley Fibbens,Hilll-Abbott,5
832,50,Haleigh Dysert,Halvorson-Heller,4
833,79,Bord Fuentez,Strosin Group,4
834,19,Aurie Ayscough,Brown and Sons,5
835,56,Carol Assad,Yundt LLC,4
836,61,Galen Simnel,Roberts-Raynor,6
837,33,Smitty Avo,Lebsack-Cormier,4
838,51,Agneta Cestard,"Lemke, Bartell and Steuber",6
839,51,Averyl Cumes,Hammes-Johns,6
840,73,Ami Hatfull,Farrell LLC,5
841,49,Odelle Hayhow,Pagac-Murray,5
842,4,Edi Younge,Spencer LLC,6
843,44,Frederique MacLese,Stoltenberg-Kreiger,5
844,62,Roxanna Esche,Hoppe-Schamberger,6
845,33,Abdul Wasylkiewicz,"Reinger, King and Schimmel",5
846,53,Shel Broggelli,Vandervort Group,5
847,44,Preston Twelftree,Toy-Wintheiser,6
848,7,Olivia Standingford,"Denesik, Prosacco and Bergstrom",4
849,37,Cindee Doble,Lynch and Sons,6
850,32,Ange Grenter,Lueilwitz-Schaden,4
851,48,Georgiana Briggdale,Abbott-Sauer,6
852,49,Beret Plummer,Fay LLC,5
853,49,Tremayne Chadney,Champlin Group,4
854,7,Tallou Buckie,Cormier-Corkery,5
855,49,Verney Lightowler,Bailey Group,6
856,58,Allyn Amberg,Treutel-Schmitt,4
857,77,Ulick Howgate,Lakin and Sons,5
858,60,Bonny Tieraney,"Reinger, Mitchell and Mann",6
859,69,Gussi Gilks,Upton Group,5
860,20,Anett Tearny,Spinka Inc,6
861,19,Paulie Robberecht,Weimann Inc,5
862,43,Washington Swalowe,Friesen-Leannon,4
863,50,Letitia Minett,Jerde Inc,6
864,32,Jon Longfield,"Lehner, Purdy and Kautzer",6
865,65,Cassy Ranken,Littel LLC,6
866,65,Milli Lebourn,Lebsack and Sons,4
867,62,Dody Hackney,"Berge, Johns and Streich",6
868,50,Cathee Dent,Roob Group,4
869,63,Barnaby Banfill,Mertz-Gleason,4
870,37,Tiena Moxley,Huel and Sons,4
871,71,Taffy Aucourte,Emmerich Inc,6
872,25,Hillard Killough,Harber and Sons,6
873,59,Orren Farleigh,"Considine, Hermann and Lindgren",5
874,29,Glynda Depke,"McCullough, Pollich and Powlowski",5
875,18,Phip Cafferty,Wuckert-Prosacco,5
876,6,Sheelah Dodgson,Harvey and Sons,6
877,44,Derward Reinisch,Prohaska-Mraz,6
878,48,Alanson Delgadillo,Jones-Hilll,4
879,7,Beitris Kofax,"Renner, Hegmann and Bogisich",6
880,22,Kermy Harrod,"Davis, Zieme and Macejkovic",5
881,21,Tom Cheves,Kovacek and Sons,4
882,13,Willetta Hebard,Pfeffer-Schmitt,6
883,62,Madeline Rout,Ernser-Larson,4
884,33,Terri-jo Spieght,"Tremblay, Purdy and Pfannerstill",6
885,7,Wakefield Olohan,Casper Inc,6
886,30,Keely Vacher,"Nader, Smith and Yundt",4
887,25,Field Bucknell,Schamberger-Feil,5
888,57,Annette Eccleston,Dietrich-Altenwerth,4
889,8,Kellie Michallat,Denesik LLC,4
890,34,Jermain Deal,Kulas-Beahan,5
891,60,Waly Haggish,"Bergnaum, Huels and Swaniawski",6
892,34,Retha Caslett,Beatty LLC,4
893,19,Lita Duchenne,McKenzie-Rippin,4
894,49,Vita Darkott,O'Connell Inc,4
895,30,Sisile Formie,"Metz, Hoeger and Hagenes",4
896,20,Launce McCudden,Littel LLC,4
897,12,Dietrich Hayhow,Cassin Group,4
898,27,Claretta Hirthe,Jast-Konopelski,5
899,33,Terri-jo Sheen,"O'Reilly, Mraz and Sauer",5
900,11,Teodoor Sorel,"Nader, McDermott and Walker",4
901,32,Wilmar Carragher,"Welch, Fahey and Berge",6
902,51,Bili Wardrop,Kozey LLC,5
903,67,Dasi Passy,Mante and Sons,6
904,69,Shanon Grutchfield,Kautzer-Grimes,4
905,4,Josefa Crisell,"Hamill, Brown and Watsica",6
906,46,Jayson Aitken,Konopelski and Sons,5
907,56,Micheal Van Der Walt,Harber Inc,5
908,47,Deana Infante,"Trantow, Swift and Rolfson",6
909,15,Jasun Jammet,"Willms, Gleason and Mosciski",4
910,12,Peggie Gabitis,"Ledner, Morissette and Oberbrunner",4
911,67,Laetitia Cansdell,"Cole, Torp and Wolff",5
912,3,Ines Clashe,"Cruickshank, Grimes and Abbott",5
913,17,Jimmie MacDearmaid,Goodwin Inc,5
914,3,Jeremiah Marten,"Klocko, Kub and Von",5
915,51,Hazel Endricci,Rippin Group,6
916,8,Allegra Gresham,"Lindgren, Kassulke and Daugherty",5
917,3,Danica Espadater,Ernser LLC,5
918,37,Bogey Balwin,Spencer and Sons,6
919,1,Roderic Dunkley,"Volkman, McCullough and Shanahan",6
920,43,Della Lund,Von LLC,4
921,32,Sonny Greve,"Daugherty, Wolff and Bahringer",4
922,54,Wat Ianno,Jacobi and Sons,6
923,26,Maximilian Hylton,"Osinski, Ullrich and Emard",4
924,72,Cal Gyer,Kuphal-Mertz,4
925,2,Rik Moughton,Lindgren-Cartwright,4
926,2,Lil Cockle,"Borer, Tromp and Harvey",4
927,3,Querida Sharply,Mayert Inc,5
928,28,Perkin Muncaster,"Rempel, Wolf and Hessel",5
929,50,Karol Cringle,Romaguera-Champlin,4
930,62,Naomi Starr,"Larkin, O'Kon and Leffler",4
931,49,Seth Feedome,"Feest, Breitenberg and Johnston",5
932,39,Wit Sutworth,Collier-Bogisich,4
933,52,Daffie Perott,"Dicki, Heathcote and Becker",4
934,61,Emmit Stain,Pouros and Sons,6
935,55,Dulcinea Gagan,"Williamson, Pollich and Koch",6
936,48,Kimmy Bovaird,Wunsch-Heaney,4
937,42,Zeb Hawler,Kozey and Sons,4
938,29,Walther Finlaison,"Donnelly, Osinski and Kerluke",4
939,60,Shelley Niemiec,Champlin-Treutel,5
940,43,Trefor Stiger,"Herzog, White and Walsh",5
941,32,Verne Mustoe,"McGlynn, Mayer and O'Reilly",6
942,35,Caleb Petrus,"Bradtke, Wilkinson and Ritchie",5
943,50,Jacinthe Ogglebie,"Spencer, Effertz and Zboncak",6
944,66,Kimberli Rany,Bins-Simonis,4
945,26,Murial Pirazzi,"Hirthe, Spinka and Durgan",4
946,19,Farlee Livick,Dietrich-Hilll,6
947,36,Harri Petras,"Tillman, Kris and Predovic",5
948,71,Kettie Poyle,O'Hara LLC,5
949,43,Griselda Winthrop,Dare Inc,6
950,72,Tyson Stanlake,Trantow LLC,6
951,78,Tova Lambrook,Wolf-Howe,4
952,12,Hynda Menichini,Ziemann and Sons,6
953,58,Clio Storey,"Reynolds, Douglas and Zemlak",5
954,23,Daisie Baise,McGlynn Group,5
955,21,Craig Bonome,"Dooley, Schaden and Jacobi",4
956,29,Smitty Grzes,Lemke Inc,4
957,35,Lizette Bidmead,Cummerata-Farrell,4
958,58,Dilly Sottell,"Kreiger, Quigley and Cassin",5
959,34,Ronnie Paske,Blanda and Sons,4
960,66,Jessey Unthank,"Parker, Botsford and Brown",5
961,42,Kimberly Roman,"Adams, Rath and Fisher",6
962,71,Elaine Downs,"Tillman, Sanford and Borer",6
963,8,Hammad Gorman,"Abernathy, Olson and Goodwin",5
964,31,Ursa Ridgeway,"Rohan, Stiedemann and Casper",4
965,10,Larry Pusey,"Heathcote, Jacobi and Goyette",5
966,9,Chase Waddie,Hirthe-Monahan,4
967,72,Darcey Wittman,Ruecker-Lang,6
968,31,Mikol Mathissen,Hegmann LLC,5
969,49,Hewie Klyner,Rowe LLC,5
970,17,Mavis Domenget,Mitchell-Will,6
971,5,Catlin Schlagtmans,"Gleason, Schaefer and Nikolaus",6
972,51,Lorrayne Tethacot,"Greenfelder, Frami and Jast",4
973,78,Merrilee Exposito,"Lang, Murray and Runolfsson",6
974,33,Sukey Bullers,Becker-Brekke,6
975,7,Hildegarde Gianolini,Jacobs Group,5
976,51,Hillery Aberdein,"Fadel, Jacobi and Marks",6
977,19,Rosanne Bennike,"Schmitt, Spencer and Green",5
978,80,Paddie Simonaitis,"Bednar, Nicolas and Pagac",6
979,40,Kristien O'Brollachain,Hudson Group,6
980,43,Wendeline Crocroft,Mayer-Cartwright,5
981,67,Patti Ripsher,Weber-Halvorson,4
982,44,Pieter Huett,Labadie and Sons,4
983,48,Skelly Colliber,Glover Group,4
984,51,Corenda Penrose,Crooks Inc,4
985,65,Sharla Scrivner,Marks-Reichert,6
986,72,Leyla Madine,Schiller Inc,4
987,30,Alberik Dursley,Jacobi-Hegmann,6
988,11,Charley Lewzey,"Cole, Labadie and Hane",5
989,61,Shawna Quincee,Stracke-Gutkowski,6
990,40,Arleyne Cawdery,Haag Inc,5
991,47,Henrik Rivelin,"Okuneva, Kshlerin and Hoeger",5
992,56,Abigale Cannavan,"Bartell, Dickens and Hartmann",5
993,25,Ainslie Martignon,Carter Inc,6
994,42,Estelle Mougin,Satterfield Group,6
995,4,Lockwood Dobel,Collins-Luettgen,4
996,7,Blake Runham,Murray and Sons,6
997,12,Kendrick Prentice,Herman Inc,5
998,30,Shanda Elcoate,Altenwerth Group,6
999,66,Leontyne St. John,Schuster LLC,4
1000,41,Louella Enoch,Pagac and Sons,5
