idTrabajo,idEstudiante,fechaInicio,fechaFin,compania,pais,sector,salario
1,1,2/12/2024,7/14/2029,Photofeed,Czech Republic,Technology,53095525
2,2,10/4/2020,2/15/2028,Edgepulse,China,Consumer Non-Durables,55681696
3,3,4/7/2026,7/9/2034,Topicware,China,Finance,44745088
4,4,8/14/2025,2/19/2031,Voolith,Russia,n/a,87682780
5,5,5/23/2019,10/31/2024,Pixope,Indonesia,n/a,38431418
6,6,11/28/2022,7/8/2030,Skilith,Czech Republic,Consumer Services,61832028
7,7,5/9/2015,12/18/2018,Meetz,Ukraine,Finance,18089038
8,8,8/28/2018,2/5/2028,Vitz,Poland,Consumer Services,86712144
9,9,3/2/2023,12/8/2024,Tekfly,Afghanistan,Capital Goods,2165578
10,10,3/31/2015,3/5/2018,Yakidoo,Russia,Consumer Non-Durables,5415797
11,11,7/29/2017,5/2/2024,Voolia,Nepal,Technology,59416601
12,12,7/5/2029,4/12/2035,Linktype,Canada,Finance,71380607
13,13,4/15/2022,2/24/2025,Bluezoom,China,Consumer Services,94675570
14,14,6/21/2021,2/28/2026,Browseblab,Indonesia,Consumer Durables,17685807
15,15,4/30/2016,2/5/2019,Zoonder,Philippines,Consumer Services,35806037
16,16,9/8/2019,12/13/2025,BlogXS,Iraq,Capital Goods,87902600
17,17,12/13/2017,9/22/2019,Brainbox,Czech Republic,n/a,34415404
18,18,4/9/2016,6/18/2026,Skajo,China,Health Care,67801800
19,19,8/26/2015,4/4/2022,Youspan,Germany,n/a,44224986
20,20,12/31/2013,7/12/2020,Yadel,China,Consumer Services,77352775
21,21,9/12/2017,12/18/2023,Ntag,Russia,Finance,61126369
22,22,8/26/2023,2/6/2032,Thoughtmix,Tanzania,Miscellaneous,63660874
23,23,11/10/2022,2/18/2029,Zoomdog,China,Health Care,23713832
24,24,8/27/2018,2/6/2028,Kwideo,Ukraine,Consumer Services,48034804
25,25,7/14/2015,11/26/2024,Tagpad,Thailand,n/a,68892880
26,26,3/31/2019,7/13/2026,Bluejam,China,Capital Goods,49810532
27,27,9/17/2023,1/20/2031,Zoonoodle,China,Technology,9477537
28,28,10/21/2010,4/30/2021,Twinte,Canada,Public Utilities,30355234
29,29,9/6/2022,8/10/2028,Zoonoodle,Gambia,n/a,51530723
30,30,9/18/2019,2/22/2026,Meevee,Denmark,Consumer Services,85534284
31,31,12/10/2018,4/20/2024,Bluezoom,Indonesia,Health Care,10004180
32,32,9/30/2021,1/2/2029,Trudoo,Jamaica,Finance,73804399
33,33,2/28/2016,6/4/2026,Wikibox,Guinea-Bissau,n/a,62537735
34,34,3/11/2022,8/23/2029,Ooba,Indonesia,n/a,17878539
35,35,1/26/2020,12/8/2026,Youbridge,China,Capital Goods,69749925
36,36,6/4/2018,3/5/2025,Skimia,China,Health Care,13923307
37,37,12/21/2022,6/24/2031,Avavee,Russia,Health Care,91441156
38,38,9/9/2016,1/20/2025,Yakijo,Thailand,Health Care,36740333
39,39,4/21/2009,11/25/2011,Kwilith,Tunisia,Finance,43405545
40,40,12/5/2012,6/6/2017,Voomm,Costa Rica,n/a,1088714
41,41,3/1/2015,11/5/2017,Oyoloo,Argentina,Health Care,44812431
42,42,5/16/2018,8/26/2020,Meezzy,Sweden,Health Care,92563647
43,43,4/20/2027,6/28/2029,BlogXS,Canada,Technology,65229626
44,44,3/19/2027,8/30/2033,Yamia,Canada,Finance,35715403
45,45,1/21/2028,8/25/2037,Shuffletag,Indonesia,Consumer Services,87058339
46,46,4/3/2022,10/12/2030,Yakidoo,China,n/a,87949477
47,47,4/20/2030,7/1/2034,Trunyx,Tanzania,n/a,21981407
48,48,2/13/2026,7/20/2029,Skyvu,Thailand,n/a,90286345
49,49,8/3/2020,5/6/2022,Gevee,Brazil,Consumer Durables,24584353
50,50,10/10/2022,9/17/2031,Gigazoom,China,Finance,98279804
51,51,3/8/2019,11/14/2024,Demivee,Armenia,Consumer Services,72123804
52,52,8/28/2017,4/4/2021,Wordtune,Indonesia,Technology,11046424
53,53,12/4/2024,4/14/2028,Demivee,Argentina,Finance,12979303
54,54,10/13/2021,3/16/2026,Avaveo,China,Consumer Non-Durables,28347465
55,55,6/16/2019,8/28/2022,Gigashots,Portugal,n/a,69390294
56,56,4/14/2028,3/18/2037,Quatz,Poland,Basic Industries,80358852
57,57,2/28/2025,5/30/2033,Centidel,Jordan,Finance,72086642
58,58,7/4/2017,7/14/2020,Oyonder,Brazil,Consumer Services,14247319
59,59,10/3/2022,1/9/2026,Thoughtsphere,Sweden,Capital Goods,49687547
60,60,3/20/2019,6/23/2025,Flipopia,Somalia,Finance,14493414
61,61,1/8/2017,11/10/2018,Bubblemix,Rwanda,n/a,48858885
62,62,8/4/2014,2/14/2018,Skivee,Spain,Health Care,11379382
63,63,10/13/2015,3/16/2023,Skinix,Philippines,Capital Goods,73822644
64,64,3/18/2010,5/30/2018,Mynte,Ukraine,Finance,3801966
65,65,2/21/2028,11/28/2029,Skalith,Hungary,Finance,94708373
66,66,6/28/2020,3/5/2026,Riffwire,Indonesia,n/a,48097390
67,67,5/27/2019,7/3/2029,Yodel,United States,n/a,91855305
68,68,5/23/2013,3/29/2021,Eayo,Bolivia,n/a,20515768
69,69,11/14/2021,9/18/2030,Omba,China,Consumer Services,61857069
70,70,7/8/2030,3/15/2038,Bluezoom,China,n/a,7025881
71,71,10/30/2017,12/11/2021,Yata,Albania,Public Utilities,39187799
72,72,4/20/2012,1/1/2019,Bluezoom,Peru,Capital Goods,52630191
73,73,6/23/2030,10/3/2040,Photospace,Indonesia,Consumer Services,62526904
74,74,2/8/2027,1/10/2029,Vidoo,Portugal,Capital Goods,71086299
75,75,7/17/2019,1/19/2022,Minyx,Thailand,Technology,54438233
76,76,6/29/2017,11/30/2018,Buzzdog,Nigeria,n/a,66013309
77,77,4/7/2022,12/18/2027,Jamia,Ukraine,Public Utilities,94910793
78,78,9/22/2018,2/28/2025,Jayo,Brazil,n/a,5610976
79,79,2/2/2022,3/8/2028,Skimia,Nepal,n/a,89350004
80,80,6/28/2023,1/8/2032,Youopia,Poland,n/a,93995293
81,81,9/5/2019,6/10/2028,Vinder,Brazil,Technology,62917025
82,82,9/29/2020,10/3/2026,Browsebug,Indonesia,n/a,89460398
83,83,12/5/2022,12/6/2028,Abatz,Sweden,Public Utilities,97834814
84,84,11/27/2010,5/28/2012,Zoozzy,United States,Finance,90289619
85,85,12/14/2020,6/26/2024,Eadel,China,Transportation,40219498
86,86,7/3/2020,1/6/2031,Nlounge,China,Finance,38884579
87,87,9/18/2017,6/30/2019,Kimia,Indonesia,Consumer Durables,37115121
88,88,3/27/2015,12/7/2021,Edgewire,Canada,Consumer Services,96217442
89,89,6/20/2016,1/31/2022,Aimbu,Indonesia,Basic Industries,60273552
90,90,3/20/2016,4/1/2021,Thoughtmix,Tanzania,Finance,40500428
91,91,5/18/2020,2/24/2022,Gabtype,Poland,Public Utilities,99678439
92,92,6/5/2019,8/6/2022,Babblestorm,Indonesia,Technology,16483142
93,93,11/11/2011,12/18/2016,Livepath,China,Energy,64078199
94,94,1/26/2022,3/27/2032,Digitube,Poland,Basic Industries,6052136
95,95,5/12/2017,6/17/2023,Cogilith,Portugal,Basic Industries,35905687
96,96,11/22/2030,7/29/2035,Edgepulse,Indonesia,Basic Industries,95030932
97,97,3/11/2018,4/18/2023,Dabjam,Nepal,Finance,21974600
98,98,12/8/2015,2/13/2021,Thoughtsphere,China,Consumer Services,52653798
99,99,10/12/2018,9/18/2022,Tagcat,Greece,Consumer Services,40006119
100,100,1/21/2013,6/23/2014,Oyonder,Philippines,Basic Industries,15885655
101,101,11/5/2021,7/15/2026,Tagcat,China,Health Care,36524144
102,102,10/29/2023,5/5/2028,Zooveo,Venezuela,Basic Industries,72999973
103,103,5/21/2015,9/23/2021,Demivee,China,Health Care,69980740
104,104,10/15/2017,9/16/2021,Skiba,Philippines,Finance,19092964
105,105,6/4/2025,12/15/2032,Gevee,Brazil,Health Care,26151769
106,106,6/8/2021,1/11/2026,Latz,Bulgaria,Capital Goods,58770201
107,107,7/4/2022,11/7/2027,Gabspot,China,n/a,43509749
108,108,5/11/2024,1/14/2031,Linklinks,Indonesia,Capital Goods,93785602
109,109,2/11/2022,4/15/2027,Aimbu,Brazil,Basic Industries,73391217
110,110,1/19/2014,5/25/2020,Reallinks,Indonesia,Consumer Services,17181982
111,111,11/24/2012,6/2/2016,Voolith,Greece,Health Care,96065684
112,112,3/7/2025,5/12/2030,Photobean,Indonesia,Basic Industries,47740027
113,113,8/21/2021,11/27/2024,Topicware,Azerbaijan,Finance,26019003
114,114,5/11/2018,12/20/2026,Voonyx,France,n/a,66711687
115,115,4/29/2023,2/4/2029,Flashdog,Indonesia,Finance,99710926
116,116,4/16/2015,6/19/2021,Fivespan,Morocco,Energy,47280601
117,117,10/10/2011,2/19/2022,Youspan,Portugal,Transportation,46577087
118,118,9/22/2011,7/26/2018,Muxo,Dominican Republic,Health Care,35906629
119,119,10/28/2025,12/1/2026,Dynabox,Mexico,Miscellaneous,21393639
120,120,1/23/2017,1/31/2020,JumpXS,Poland,n/a,91613356
121,121,10/24/2027,11/25/2035,Youspan,Albania,Technology,66204537
122,122,5/13/2019,10/23/2023,Skiba,Russia,Transportation,3755528
123,123,6/5/2022,12/11/2031,Innotype,China,Health Care,13249942
124,124,7/4/2022,2/7/2032,Pixonyx,China,Consumer Services,15867332
125,125,3/16/2020,10/28/2024,Vinte,Indonesia,Consumer Non-Durables,66585690
126,126,7/7/2017,9/13/2018,Skiptube,Philippines,Health Care,43181116
127,127,9/17/2020,10/27/2025,Feedbug,Pakistan,n/a,88712317
128,128,4/11/2014,5/17/2022,Mycat,Poland,n/a,18414941
129,129,8/9/2019,9/14/2022,Voonyx,Indonesia,Health Care,33560453
130,130,10/31/2018,3/11/2022,Chatterbridge,Nigeria,Finance,5538975
131,131,8/3/2020,9/14/2024,Jetwire,Finland,Health Care,21210262
132,132,11/16/2024,8/21/2029,Kwideo,Philippines,Technology,76729766
133,133,6/9/2014,2/16/2021,Roodel,Poland,Energy,75837208
134,134,5/28/2014,7/3/2018,Kimia,China,Technology,49159292
135,135,8/25/2021,5/4/2028,Jaloo,Armenia,Public Utilities,94947222
136,136,8/20/2022,7/28/2030,Twitternation,Poland,Health Care,97877736
137,137,9/27/2014,1/28/2021,Ntag,Comoros,Miscellaneous,43143547
138,138,12/13/2023,3/19/2029,Brainverse,France,n/a,41775895
139,139,8/18/2024,8/27/2027,Youbridge,Indonesia,Health Care,19730600
140,140,3/7/2020,9/16/2023,Realcube,Brazil,Finance,21192720
141,141,8/17/2025,10/19/2033,Zoombox,United States,Consumer Services,63042591
142,142,5/26/2024,1/2/2026,Miboo,Russia,n/a,2226014
143,143,12/1/2018,4/2/2022,Einti,China,Capital Goods,32485807
144,144,7/28/2017,10/4/2019,Zoozzy,Yemen,Capital Goods,91803889
145,145,11/29/2016,8/10/2022,Edgewire,Indonesia,n/a,68346712
146,146,3/14/2012,11/18/2020,Cogidoo,Indonesia,Health Care,17017671
147,147,4/7/2018,9/16/2024,Twitterwire,France,Finance,7898800
148,148,12/9/2027,4/16/2029,Meevee,Yemen,n/a,5356610
149,149,7/23/2012,1/29/2022,Mydeo,Greece,Technology,50466120
150,150,11/27/2021,10/8/2031,Wordware,China,Capital Goods,38889144
151,151,3/3/2018,6/9/2025,Bubblebox,Indonesia,Finance,70938005
152,152,11/1/2012,9/4/2015,Bubblebox,Brazil,Public Utilities,86975765
153,153,12/29/2023,7/2/2032,Yata,Poland,Finance,10081314
154,154,5/18/2021,9/20/2025,Trilia,Brazil,Transportation,47490158
155,155,10/22/2015,4/28/2024,Meetz,Indonesia,Technology,59878158
156,156,3/6/2028,11/10/2036,Tagopia,China,n/a,16106040
157,157,9/8/2017,10/15/2018,Edgeclub,Russia,Public Utilities,26293912
158,158,10/24/2023,1/25/2028,Innotype,Indonesia,Consumer Services,53965498
159,159,1/17/2030,6/25/2034,Devshare,Portugal,n/a,54897885
160,160,8/31/2020,10/10/2026,Fivebridge,Belarus,Finance,1761658
161,161,12/21/2023,5/29/2029,Linkbuzz,China,Health Care,21249232
162,162,4/22/2022,1/31/2028,Yambee,Portugal,Basic Industries,4273566
163,163,9/1/2023,10/11/2028,Zoombox,Senegal,Finance,94620344
164,164,7/7/2019,1/8/2024,Jaxworks,Sweden,Health Care,83645664
165,165,11/27/2019,1/3/2027,Teklist,Ukraine,n/a,74925084
166,166,8/11/2027,8/16/2029,Fadeo,France,Health Care,75743990
167,167,10/25/2020,8/28/2023,Gabtype,Japan,Public Utilities,14882012
168,168,2/26/2020,7/27/2024,Thoughtworks,Russia,n/a,88277024
169,169,3/1/2019,11/9/2027,Twimbo,Bangladesh,Finance,15378583
170,170,11/4/2024,3/6/2030,Wikivu,Russia,Finance,12626745
171,171,11/3/2015,7/14/2020,Chatterbridge,Greece,n/a,90308820
172,172,2/24/2012,9/2/2018,Eimbee,Brazil,Health Care,93078643
173,173,8/28/2015,10/3/2025,Yodel,Switzerland,Finance,63701080
174,174,5/3/2022,3/8/2026,Quire,Colombia,Health Care,60404033
175,175,10/27/2022,4/8/2031,Eare,Mongolia,Consumer Non-Durables,53595809
176,176,10/30/2026,1/3/2032,Jazzy,Brazil,Finance,27962275
177,177,12/6/2011,5/17/2019,Fivespan,Canada,Technology,97899868
178,178,3/27/2020,2/2/2026,Chatterpoint,Russia,Finance,64769318
179,179,6/15/2014,1/23/2018,Browseblab,Chile,Capital Goods,43448895
180,180,7/31/2018,10/2/2021,Edgeclub,Brazil,Consumer Non-Durables,76806787
181,181,1/7/2025,10/10/2031,Twitterbeat,Indonesia,Consumer Services,5820746
182,182,4/20/2020,9/22/2029,Skibox,Japan,n/a,31363417
183,183,2/6/2014,8/17/2021,Eabox,Ecuador,n/a,8511704
184,184,6/17/2025,10/22/2033,Flashdog,Belarus,Health Care,67736519
185,185,6/4/2024,8/9/2031,Divape,Cuba,n/a,76227558
186,186,12/28/2020,8/8/2028,Jaxspan,Norway,Basic Industries,34760731
187,187,1/25/2019,5/1/2026,Yozio,Mexico,Finance,37265880
188,188,9/21/2028,12/23/2033,Zooveo,Moldova,Consumer Services,11864499
189,189,2/17/2020,6/28/2021,Zava,China,Capital Goods,3611438
190,190,8/26/2012,6/5/2021,Meevee,Thailand,n/a,39091956
191,191,10/5/2019,4/8/2028,Photobean,China,Health Care,39239028
192,192,7/26/2017,6/29/2019,Mita,Indonesia,n/a,29143254
193,193,2/18/2010,6/19/2020,Zooxo,Bahamas,Energy,62141538
194,194,7/4/2014,1/8/2021,Chatterbridge,Ukraine,Public Utilities,81975536
195,195,5/18/2022,2/22/2028,Yadel,Brazil,Consumer Services,13113813
196,196,9/26/2016,3/29/2022,Buzzdog,Myanmar,n/a,45697165
197,197,4/3/2018,11/12/2024,Jabbercube,Japan,Public Utilities,87834292
198,198,7/23/2027,9/2/2030,Geba,Colombia,Finance,81434835
199,199,3/6/2020,8/7/2030,Wikido,Iran,Capital Goods,56286848
200,200,1/12/2029,2/18/2034,Riffpedia,Indonesia,Technology,85147109
201,201,11/11/2028,1/19/2031,Jabbercube,China,Public Utilities,42530159
202,202,8/15/2021,3/21/2027,Tagchat,Czech Republic,Finance,16227002
203,203,2/9/2013,3/19/2015,Yadel,France,Technology,70849966
204,204,10/18/2021,7/23/2024,Leexo,Ukraine,n/a,84982774
205,205,2/7/2013,5/19/2018,Feedspan,Philippines,n/a,2696002
206,206,11/26/2025,4/4/2033,Gabcube,China,n/a,42374564
207,207,7/31/2027,10/7/2034,Quire,Colombia,Technology,35183745
208,208,9/19/2026,5/26/2031,Devpoint,China,Consumer Services,32698434
209,209,2/11/2019,10/22/2026,Shufflebeat,China,Basic Industries,97719549
210,210,9/11/2021,6/15/2024,Quamba,China,Finance,43094731
211,211,11/15/2026,5/25/2029,Twitterbeat,United States,Consumer Non-Durables,80838809
212,212,2/7/2021,3/14/2026,Dynabox,Czech Republic,Energy,39002605
213,213,4/6/2022,9/12/2024,InnoZ,China,Consumer Services,72804298
214,214,5/25/2019,5/7/2023,Gabvine,Indonesia,Finance,90765766
215,215,3/1/2020,5/2/2026,Trilith,China,Health Care,41197454
216,216,11/26/2024,8/28/2029,Devbug,Nigeria,Health Care,11836444
217,217,2/14/2011,3/16/2020,Avamm,Germany,Energy,20306314
218,218,10/4/2020,4/11/2028,Topiclounge,Brazil,Technology,98905063
219,219,11/23/2023,2/2/2033,Zoomdog,Russia,Consumer Durables,54046924
220,220,9/19/2014,9/26/2023,Ntags,Russia,Finance,9880529
221,221,4/4/2022,8/6/2029,Zoomzone,Russia,Transportation,42463894
222,222,12/17/2016,3/21/2024,Skipfire,Poland,Consumer Durables,73904007
223,223,1/1/2021,7/7/2024,Babblestorm,Indonesia,n/a,30110456
224,224,10/16/2011,5/20/2020,Leenti,Ghana,Basic Industries,1766184
225,225,12/4/2012,2/16/2022,Plajo,China,n/a,50193610
226,226,2/26/2014,6/30/2022,Miboo,Indonesia,Health Care,60335340
227,227,7/1/2017,4/10/2020,Yodel,Czech Republic,Consumer Services,31764867
228,228,5/14/2019,1/25/2027,Shuffletag,Indonesia,Health Care,1121651
229,229,10/16/2021,10/27/2027,Edgewire,Brazil,Health Care,27278668
230,230,12/25/2014,3/30/2023,Tazz,China,Miscellaneous,99028169
231,231,5/8/2021,7/16/2027,Mynte,Canada,Health Care,2276159
232,232,12/31/2021,12/4/2029,Vitz,Sweden,Energy,62107129
233,233,9/6/2013,1/16/2017,Tazz,Peru,Finance,68997298
234,234,4/20/2023,10/28/2028,Meedoo,Spain,n/a,73138684
235,235,11/9/2016,2/12/2022,Flashset,Ireland,Public Utilities,79949256
236,236,3/2/2018,4/7/2020,Feedfish,France,Consumer Services,90393813
237,237,2/6/2024,3/14/2030,Topicstorm,Russia,Finance,54042076
238,238,12/14/2016,7/20/2020,Oba,United States,Finance,90046940
239,239,6/17/2021,11/27/2025,Kayveo,China,n/a,49716660
240,240,5/13/2023,11/20/2028,Meeveo,Ukraine,n/a,90517217
241,241,10/10/2022,12/16/2028,Snaptags,Brazil,n/a,65973103
242,242,11/14/2016,1/19/2023,Thoughtblab,Cuba,Capital Goods,68149042
243,243,9/5/2018,6/14/2022,Thoughtstorm,Philippines,Capital Goods,68408746
244,244,7/29/2016,11/7/2022,Kanoodle,Indonesia,Finance,63979502
245,245,11/13/2022,10/17/2028,Jabbersphere,Sweden,Technology,82326447
246,246,1/4/2018,6/13/2021,Edgetag,Philippines,Capital Goods,76078988
247,247,12/27/2014,7/2/2023,Roombo,Kazakhstan,Energy,68522575
248,248,3/17/2022,1/26/2024,Vinte,Seychelles,Public Utilities,77518415
249,249,6/20/2021,8/22/2026,Ooba,Azerbaijan,Consumer Services,8330730
250,250,9/20/2013,11/29/2016,Avamba,Norway,Consumer Services,79069595
251,251,10/21/2023,3/1/2025,Flashdog,Laos,Capital Goods,67226922
252,252,8/20/2016,11/24/2017,Rhynoodle,Indonesia,n/a,38273338
253,253,5/2/2025,5/13/2029,Jaloo,Colombia,n/a,59793962
254,254,10/3/2015,5/14/2020,Wordware,Argentina,Health Care,11679351
255,255,9/24/2025,12/25/2028,Photobug,Peru,n/a,14473012
256,256,8/16/2019,10/26/2022,Omba,China,Technology,71929565
257,257,10/16/2023,5/22/2031,Voolia,Bolivia,Technology,74946635
258,258,10/7/2025,5/10/2029,Thoughtsphere,Brazil,Technology,55727056
259,259,1/18/2023,12/24/2031,LiveZ,Japan,Miscellaneous,91042429
260,260,9/17/2017,8/19/2020,Twitterlist,Iran,n/a,61387211
261,261,7/29/2024,11/2/2031,Thoughtbridge,China,Technology,75266951
262,262,11/22/2018,7/27/2022,Skyble,Lithuania,Health Care,81000739
263,263,11/30/2019,6/5/2027,Ozu,China,n/a,81667492
264,264,8/6/2017,9/18/2024,Katz,Poland,Energy,19713577
265,265,5/24/2021,2/27/2028,Trudoo,China,Public Utilities,44044310
266,266,2/27/2018,9/4/2022,Demizz,United States,Capital Goods,98719282
267,267,8/4/2014,10/7/2023,Riffpath,Indonesia,Miscellaneous,6601878
268,268,8/5/2013,4/15/2023,Oloo,Gambia,n/a,76298256
269,269,12/17/2030,6/21/2036,Jabberstorm,China,Technology,69484229
270,270,5/29/2027,11/9/2030,Gabtype,Indonesia,Consumer Services,57227189
271,271,9/13/2015,10/19/2023,Browsecat,France,Transportation,25686351
272,272,5/3/2024,2/12/2027,Yamia,Indonesia,Health Care,22968811
273,273,7/1/2027,12/2/2034,Thoughtbridge,Brazil,n/a,98178135
274,274,7/19/2014,2/21/2023,Skibox,China,n/a,96628980
275,275,1/29/2020,4/2/2028,Npath,Indonesia,Consumer Durables,94460734
276,276,4/30/2025,6/9/2029,Photobean,China,Health Care,97473138
277,277,6/30/2024,6/11/2030,Zooxo,Russia,n/a,63764755
278,278,8/31/2017,3/9/2025,Feedmix,Japan,Finance,9787255
279,279,3/3/2016,7/6/2022,Rhyzio,Belarus,n/a,52415994
280,280,11/5/2019,5/11/2024,Reallinks,China,Public Utilities,66533495
281,281,3/11/2018,4/23/2027,Rooxo,Italy,Consumer Services,58761468
282,282,4/26/2020,6/28/2024,Demimbu,Philippines,Finance,21897901
283,283,5/4/2023,6/7/2032,Skinix,China,Finance,57707308
284,284,8/3/2019,5/14/2028,Yamia,China,Public Utilities,68997990
285,285,12/10/2011,2/20/2016,Rhyloo,China,Consumer Services,73444964
286,286,9/25/2014,2/27/2023,Zoonder,Portugal,Consumer Services,45450955
287,287,2/19/2020,1/21/2030,Skynoodle,Nigeria,Consumer Services,57526286
288,288,7/29/2017,10/2/2023,Oyondu,Ireland,Finance,1971714
289,289,6/17/2022,8/22/2026,Voonte,Yemen,Consumer Services,10821427
290,290,2/2/2016,4/11/2025,Divavu,Japan,Public Utilities,96529169
291,291,8/26/2021,11/1/2023,Rhycero,Argentina,Technology,17583218
292,292,2/6/2020,8/11/2027,Plambee,United States,Basic Industries,56823719
293,293,12/24/2020,1/29/2031,Bubblemix,Panama,n/a,54015491
294,294,6/9/2012,12/16/2018,Aibox,Philippines,Consumer Services,28030491
295,295,5/11/2017,9/21/2020,Jetpulse,Colombia,Technology,73676821
296,296,4/28/2019,7/30/2022,Mynte,Brazil,Finance,36501486
297,297,9/15/2024,3/23/2033,Rhyloo,Vietnam,Public Utilities,52142438
298,298,4/16/2011,7/20/2020,Linkbuzz,United States,Technology,55848200
299,299,8/2/2026,12/5/2033,Dabfeed,Libya,Health Care,44950378
300,300,8/26/2022,12/4/2025,Tazz,China,n/a,21493877
301,301,2/6/2016,11/17/2024,Zoonder,Honduras,Finance,56282870
302,302,2/17/2016,8/24/2022,Avamba,France,Miscellaneous,69595087
303,303,7/20/2011,6/25/2021,InnoZ,Russia,Basic Industries,39461996
304,304,8/19/2019,8/26/2024,Mydeo,Portugal,Basic Industries,39919788
305,305,6/5/2026,1/7/2028,Mydeo,Mexico,Finance,79638691
306,306,8/11/2023,9/14/2027,Fatz,Czech Republic,n/a,30780657
307,307,11/26/2012,5/3/2023,Devpulse,China,Consumer Services,56042699
308,308,12/18/2024,4/26/2028,Ailane,Indonesia,n/a,47368534
309,309,11/10/2017,3/22/2027,Aimbu,Slovenia,n/a,79436363
310,310,5/2/2019,5/3/2027,Zava,Indonesia,Health Care,57879474
311,311,8/5/2022,6/7/2029,Leenti,China,Health Care,83441664
312,312,11/7/2012,7/10/2020,Devpoint,China,Technology,22341370
313,313,4/29/2021,1/7/2027,Feedspan,Serbia,Capital Goods,63683716
314,314,9/4/2014,2/11/2017,Voolia,Indonesia,Technology,63431571
315,315,11/26/2028,4/4/2033,Jabberstorm,Pakistan,Technology,96607732
316,316,9/2/2020,4/14/2025,Fivebridge,Indonesia,Technology,50457432
317,317,4/14/2023,4/21/2032,Roodel,Indonesia,Technology,55346511
318,318,2/3/2025,10/9/2032,Dynava,Russia,Consumer Non-Durables,68532582
319,319,4/26/2024,9/29/2029,Muxo,Indonesia,Consumer Non-Durables,71333651
320,320,8/6/2024,10/17/2031,Mycat,Pakistan,Finance,45444594
321,321,10/12/2019,4/22/2029,Zoozzy,Ireland,Transportation,11743556
322,322,10/6/2015,12/11/2019,Jaxnation,Philippines,n/a,12603653
323,323,1/1/2018,3/4/2027,Tagchat,Thailand,Capital Goods,8983976
324,324,5/28/2017,12/6/2021,Dabjam,Tanzania,Transportation,43842019
325,325,11/30/2028,3/5/2031,Meevee,Philippines,Finance,86077249
326,326,12/31/2024,8/11/2028,Mudo,China,Basic Industries,46237686
327,327,6/20/2023,7/29/2028,Gigazoom,China,Consumer Services,78201782
328,328,7/14/2022,9/22/2025,Flipopia,Greece,Capital Goods,11880864
329,329,12/27/2026,3/2/2031,Jamia,Chad,Technology,55135124
330,330,2/9/2022,4/13/2027,Jayo,United States,n/a,25990891
331,331,4/24/2016,6/3/2021,Avamba,Ukraine,Consumer Services,42373719
332,332,2/12/2022,9/16/2027,Kimia,Venezuela,Public Utilities,10212733
333,333,10/1/2021,5/2/2027,Kayveo,China,Transportation,73448387
334,334,5/5/2021,1/11/2024,Thoughtbridge,Greece,Consumer Services,21906979
335,335,1/30/2020,8/8/2028,Jaxworks,Russia,Finance,75188517
336,336,3/23/2024,6/27/2029,Twinte,Russia,Public Utilities,19029575
337,337,4/6/2021,1/12/2027,Mita,China,Capital Goods,12063299
338,338,1/24/2018,7/6/2025,Myworks,Uzbekistan,Consumer Services,60812289
339,339,11/26/2030,2/28/2034,LiveZ,China,Finance,34455650
340,340,12/28/2025,11/1/2035,Wordpedia,Canada,Finance,75391157
341,341,6/16/2018,9/19/2027,Oba,Czech Republic,Energy,74425612
342,342,2/24/2011,9/25/2013,Brainlounge,China,Consumer Services,47025100
343,343,6/11/2020,10/22/2028,Jayo,Russia,n/a,36123764
344,344,4/21/2019,1/25/2026,Vidoo,Argentina,n/a,52021685
345,345,6/16/2023,3/28/2027,Quaxo,China,n/a,85743521
346,346,6/7/2020,7/19/2028,Browsedrive,Philippines,Health Care,2794914
347,347,3/5/2013,10/12/2019,Photospace,Japan,n/a,39958886
348,348,3/8/2029,1/20/2037,Ntags,Ethiopia,n/a,40370918
349,349,6/22/2014,9/23/2015,Pixope,Norway,Basic Industries,3408880
350,350,9/13/2025,7/24/2031,Skiba,Ethiopia,n/a,63759643
351,351,10/3/2021,8/8/2029,Youopia,Mongolia,Finance,56441513
352,352,2/22/2025,3/24/2026,Feedfire,Indonesia,Consumer Services,51935589
353,353,2/23/2010,5/31/2013,Buzzshare,Indonesia,Technology,21404195
354,354,11/11/2011,1/15/2019,Podcat,China,Consumer Non-Durables,62048892
355,355,7/18/2023,1/28/2033,Ntags,Indonesia,n/a,81342058
356,356,11/24/2013,2/27/2023,Myworks,Indonesia,Consumer Services,69824069
357,357,3/26/2015,3/27/2019,Photofeed,Argentina,Technology,71432573
358,358,9/29/2022,4/30/2032,Skimia,Philippines,Health Care,98756221
359,359,10/6/2025,2/7/2034,Trudeo,Pakistan,Consumer Non-Durables,61879354
360,360,1/5/2021,4/6/2029,Rhyloo,Iran,n/a,90190803
361,361,3/13/2019,5/17/2028,Aibox,Indonesia,Finance,77399493
362,362,6/18/2020,9/29/2027,Zoomlounge,China,n/a,8772880
363,363,3/17/2015,10/22/2018,Abata,Samoa,n/a,93882271
364,364,9/18/2025,7/30/2032,Brainsphere,Poland,Capital Goods,40268042
365,365,11/6/2026,10/15/2034,Yamia,Philippines,Public Utilities,66535103
366,366,1/30/2023,5/5/2029,Avaveo,Japan,Energy,94292447
367,367,2/7/2019,4/8/2026,Brightdog,Russia,Capital Goods,7476497
368,368,12/8/2010,2/12/2017,Blogspan,Philippines,Finance,42484038
369,369,5/23/2021,5/29/2029,Rhycero,Dominican Republic,Technology,96069093
370,370,9/4/2017,2/16/2025,Tazzy,Poland,Health Care,80421473
371,371,12/8/2021,6/9/2029,Demizz,Kenya,n/a,41918639
372,372,8/13/2028,1/15/2031,Katz,Norway,Consumer Services,66595597
373,373,12/17/2018,10/23/2026,Rhyzio,Portugal,n/a,83784403
374,374,10/24/2019,3/2/2025,Rhybox,Cuba,n/a,56341843
375,375,6/12/2021,7/20/2022,Camimbo,Russia,Transportation,9144573
376,376,7/21/2021,1/29/2029,Jatri,Turkmenistan,Energy,47329539
377,377,6/23/2021,5/2/2028,Jetwire,Chile,Energy,85125220
378,378,6/21/2011,12/22/2015,Fadeo,Malaysia,Consumer Services,21209607
379,379,7/20/2011,9/27/2017,Jaloo,Tunisia,n/a,46514252
380,380,11/28/2011,4/2/2016,Voonte,Philippines,Finance,13487366
381,381,6/9/2015,2/19/2022,Skippad,Russia,Consumer Services,82050093
382,382,10/13/2019,3/20/2026,Shufflebeat,Colombia,n/a,98042159
383,383,5/8/2020,1/12/2024,Zoomzone,Guatemala,Public Utilities,69727064
384,384,1/2/2018,11/3/2027,Kare,Philippines,Consumer Services,9887832
385,385,7/8/2017,7/18/2019,Skyba,Indonesia,Health Care,29425378
386,386,12/19/2017,9/28/2022,Twitterbridge,Ecuador,Technology,8137865
387,387,7/13/2024,4/19/2026,Voonte,Philippines,n/a,52530482
388,388,8/14/2013,10/26/2018,Twinder,Poland,Technology,57201126
389,389,11/22/2021,9/30/2029,Browsedrive,Canada,n/a,29034667
390,390,9/8/2015,2/16/2023,Browsetype,China,Finance,26775618
391,391,4/10/2024,7/21/2030,Meevee,Estonia,Technology,44758063
392,392,1/19/2015,2/27/2020,Thoughtbridge,Brazil,n/a,27045114
393,393,3/5/2021,7/12/2022,Demivee,Peru,Technology,70301393
394,394,3/30/2025,5/10/2030,Wikizz,Philippines,Technology,65472995
395,395,2/2/2011,8/10/2018,Skaboo,Nigeria,Health Care,26137770
396,396,4/22/2014,2/27/2020,Dabtype,China,Health Care,30592192
397,397,11/3/2018,1/14/2021,Quamba,Philippines,Finance,88537409
398,398,9/26/2017,9/30/2019,Feednation,Czech Republic,Consumer Non-Durables,26860125
399,399,6/15/2016,2/16/2019,Eabox,China,Health Care,51796969
400,400,4/7/2020,1/16/2027,Skimia,Czech Republic,Consumer Services,8638108
401,401,1/21/2019,3/29/2029,Youspan,Somalia,Consumer Durables,6271399
402,402,2/18/2026,8/19/2033,Photospace,Mexico,Consumer Services,5603751
403,403,2/22/2019,5/1/2022,Fivechat,Japan,n/a,87963181
404,404,2/20/2020,8/22/2025,Shufflebeat,China,Consumer Services,17660217
405,405,3/21/2020,9/29/2028,Thoughtstorm,Georgia,Finance,20282478
406,406,1/11/2020,3/23/2028,DabZ,Indonesia,Energy,70537489
407,407,8/14/2026,3/19/2030,Photolist,Brazil,Technology,34050238
408,408,5/11/2019,10/18/2020,Browsecat,United States,Miscellaneous,36899235
409,409,2/10/2012,8/20/2013,Shufflebeat,Yemen,Consumer Services,35938478
410,410,5/14/2025,8/17/2034,Photospace,China,Finance,52505228
411,411,2/3/2016,11/10/2021,Buzzdog,Bolivia,n/a,73382444
412,412,4/9/2026,10/21/2033,Skyble,China,Health Care,89273654
413,413,3/29/2025,2/4/2032,Gabcube,Afghanistan,Miscellaneous,37651618
414,414,7/14/2021,12/23/2027,Zoomlounge,China,Consumer Services,49043736
415,415,11/26/2025,5/31/2031,Dabvine,Colombia,Health Care,63564661
416,416,7/11/2015,1/23/2023,Vinte,China,Finance,96160828
417,417,3/28/2023,11/8/2027,Twitterlist,China,n/a,71040749
418,418,3/15/2011,8/19/2017,Fatz,Poland,Consumer Services,92708549
419,419,3/23/2025,1/24/2029,Flipbug,Poland,Consumer Services,54541465
420,420,4/30/2016,2/1/2026,Linklinks,Indonesia,Finance,55279043
421,421,1/9/2027,8/15/2032,Skajo,Japan,Capital Goods,54131380
422,422,4/18/2019,3/30/2027,Innotype,Poland,n/a,89825518
423,423,7/13/2026,5/18/2029,Riffpedia,Syria,Energy,97456705
424,424,3/15/2016,1/20/2021,Skyvu,Ukraine,Health Care,6264397
425,425,7/24/2022,2/27/2026,Thoughtworks,China,Health Care,45676739
426,426,7/31/2011,2/1/2018,Trudeo,Czech Republic,Consumer Non-Durables,84633239
427,427,12/14/2023,4/26/2028,Eamia,China,Health Care,86163298
428,428,12/19/2020,12/26/2027,Edgetag,Japan,n/a,53171357
429,429,9/15/2026,1/21/2033,Lazz,China,Basic Industries,98026391
430,430,8/28/2016,3/9/2024,Gevee,Japan,Consumer Services,92557662
431,431,5/31/2021,2/3/2028,Eabox,Colombia,Consumer Services,4688749
432,432,8/19/2023,3/22/2033,Quatz,China,Consumer Services,59142711
433,433,7/15/2022,5/20/2030,Fadeo,Portugal,n/a,31498359
434,434,5/4/2021,4/6/2031,Oodoo,Montenegro,Technology,93622400
435,435,12/17/2020,5/29/2028,Jabberstorm,Philippines,Consumer Services,70560341
436,436,10/24/2014,3/31/2023,Mycat,Bosnia and Herzegovina,Basic Industries,83681819
437,437,4/8/2011,11/16/2019,Skalith,Belarus,Technology,44316381
438,438,11/30/2021,1/11/2028,Brainsphere,Ukraine,Basic Industries,54125004
439,439,9/11/2027,7/21/2036,Meevee,Honduras,Finance,93499625
440,440,7/8/2024,10/12/2029,Meemm,China,Basic Industries,66657736
441,441,1/26/2019,4/6/2027,Kaymbo,Armenia,Consumer Services,59243683
442,442,2/19/2014,4/29/2016,Thoughtbridge,Ukraine,n/a,29047297
443,443,6/20/2028,10/28/2035,Eamia,Russia,Finance,23844290
444,444,5/2/2017,7/6/2023,Thoughtbeat,Russia,Finance,18012750
445,445,8/22/2020,11/23/2022,Brainlounge,Spain,Energy,83610858
446,446,10/2/2015,2/11/2021,Linkbridge,Sweden,n/a,7838127
447,447,1/27/2012,12/7/2018,Plajo,China,Finance,65334137
448,448,3/18/2019,1/23/2022,Eazzy,China,n/a,65564478
449,449,9/14/2022,4/16/2024,Blogtag,Portugal,Finance,75133429
450,450,2/6/2021,6/10/2029,Skinte,Thailand,Finance,64672447
451,451,5/10/2020,11/22/2022,Eadel,Nepal,Technology,37855300
452,452,5/26/2017,7/3/2019,Edgeblab,Colombia,n/a,22796718
453,453,10/7/2020,5/18/2026,Twitterworks,Poland,Basic Industries,37667178
454,454,8/9/2023,10/12/2028,Leenti,Indonesia,Basic Industries,10424422
455,455,10/12/2014,4/24/2019,Zoozzy,Indonesia,n/a,57493463
456,456,10/19/2017,11/24/2020,Realmix,Greece,Public Utilities,4567057
457,457,5/15/2014,8/27/2017,Vipe,Indonesia,Health Care,75919552
458,458,9/21/2024,4/30/2031,Bluejam,Czech Republic,Health Care,15749630
459,459,9/14/2022,1/26/2031,Divanoodle,Indonesia,Consumer Services,31331950
460,460,2/8/2023,3/12/2026,Bubblemix,China,n/a,74677576
461,461,12/29/2022,1/10/2026,Rhybox,Italy,Basic Industries,70272542
462,462,1/12/2021,5/20/2024,Zoomlounge,Netherlands,Consumer Services,13770897
463,463,8/14/2011,1/18/2018,Edgetag,Indonesia,Energy,54308380
464,464,6/22/2015,8/24/2021,Tagtune,Macedonia,Health Care,45241532
465,465,7/14/2021,9/15/2026,Eire,Indonesia,Technology,62591928
466,466,12/24/2018,7/6/2024,Geba,France,Health Care,15271559
467,467,11/6/2024,7/9/2033,Yakitri,Peru,Finance,2216973
468,468,2/17/2019,4/28/2029,Vimbo,Portugal,n/a,43117042
469,469,10/11/2017,11/23/2021,Flashpoint,Ukraine,Technology,44585173
470,470,3/29/2024,9/6/2028,Dabjam,Philippines,Capital Goods,25126945
471,471,11/25/2024,8/6/2027,Minyx,China,Consumer Services,2431439
472,472,3/7/2014,10/14/2021,Topiczoom,North Korea,Health Care,14252855
473,473,6/12/2018,12/13/2021,Meevee,Morocco,n/a,65007737
474,474,4/9/2025,9/20/2032,Kazu,Pakistan,Technology,15042327
475,475,2/7/2015,5/19/2017,Muxo,Peru,n/a,57871301
476,476,10/26/2027,11/30/2028,Flashspan,Russia,Basic Industries,86772617
477,477,1/4/2026,11/15/2028,Rhyloo,Indonesia,Consumer Durables,48866001
478,478,9/8/2024,9/12/2029,Shufflebeat,Haiti,Health Care,17331199
479,479,5/10/2019,5/17/2022,Youfeed,China,Health Care,92335550
480,480,1/15/2019,8/26/2023,Yakidoo,China,Consumer Services,74095135
481,481,1/2/2027,2/3/2032,Jaxspan,Greece,Consumer Services,99729399
482,482,4/19/2023,5/22/2027,Fivebridge,Chile,Capital Goods,50347270
483,483,11/6/2014,11/18/2022,Gabtype,Japan,Consumer Services,89326040
484,484,10/24/2023,3/3/2029,Myworks,Uganda,Technology,65822643
485,485,1/6/2030,7/14/2035,Kaymbo,United States,Energy,5614262
486,486,2/18/2026,11/21/2032,Vinder,China,n/a,65676472
487,487,3/8/2016,9/19/2020,Babbleopia,Indonesia,Consumer Non-Durables,74251963
488,488,4/28/2021,5/31/2029,Wikido,Iran,Miscellaneous,21718357
489,489,4/22/2015,11/23/2023,Zooveo,Indonesia,n/a,91192106
490,490,8/25/2025,1/6/2034,Quatz,Thailand,n/a,92347342
491,491,9/21/2018,11/1/2021,Devpulse,Russia,Public Utilities,46273409
492,492,3/6/2027,7/7/2034,Eabox,Russia,Technology,28266373
493,493,3/31/2024,2/4/2030,Realbuzz,Aland Islands,Consumer Non-Durables,72099026
494,494,6/15/2029,7/24/2034,Twitterwire,China,Consumer Services,1669414
495,495,3/5/2020,5/9/2023,Linkbuzz,Indonesia,Energy,82128057
496,496,8/4/2027,4/8/2033,Skaboo,France,Health Care,43398207
497,497,4/23/2016,8/4/2017,Podcat,Greece,Technology,6639133
498,498,10/9/2022,9/16/2027,Ainyx,Brazil,n/a,99955688
499,499,4/11/2029,7/13/2032,Tanoodle,Democratic Republic of the Congo,n/a,52492690
500,500,4/13/2019,12/23/2022,Topicware,Czech Republic,Energy,93359893
501,501,5/5/2030,9/16/2037,Innotype,Indonesia,Finance,27904841
502,502,11/23/2014,6/29/2023,Yakitri,China,Finance,46524619
503,503,1/22/2021,2/2/2023,Tagcat,Poland,Consumer Services,55041791
504,504,12/14/2011,5/25/2022,Myworks,Brazil,n/a,39378875
505,505,5/11/2014,1/13/2022,Yodo,Mexico,Capital Goods,73217193
506,506,5/20/2024,11/29/2027,Wikizz,Montenegro,Consumer Services,27690166
507,507,9/15/2021,7/16/2029,Chatterpoint,Poland,Technology,41029358
508,508,4/16/2018,11/25/2025,Aivee,Saint Kitts and Nevis,Finance,49627015
509,509,1/8/2022,6/20/2030,Janyx,Philippines,Public Utilities,24864126
510,510,3/16/2022,12/20/2024,Lajo,Portugal,Consumer Services,5982550
511,511,6/22/2026,3/3/2033,Npath,Indonesia,Consumer Durables,32751796
512,512,8/20/2022,9/21/2026,Tazzy,Portugal,n/a,86720347
513,513,5/5/2025,6/10/2030,Zoovu,China,Finance,60037237
514,514,7/19/2014,1/30/2021,Mudo,Australia,Consumer Services,97045432
515,515,2/22/2019,7/1/2021,Rhycero,Libya,n/a,40467722
516,516,11/15/2025,6/21/2032,Photofeed,Brazil,Finance,37002172
517,517,11/10/2017,2/11/2022,Skajo,Thailand,Consumer Durables,98032399
518,518,10/15/2017,12/22/2023,Kayveo,Indonesia,Consumer Durables,78508180
519,519,11/14/2015,4/16/2025,Pixonyx,Armenia,Basic Industries,30851550
520,520,3/4/2025,8/5/2029,Oozz,Ukraine,Technology,85627056
521,521,12/16/2015,11/22/2024,Feedfire,China,Health Care,4908797
522,522,12/31/2017,10/12/2024,Jetwire,Indonesia,n/a,69579076
523,523,6/30/2017,10/2/2021,Zoomcast,United States,n/a,75234021
524,524,10/14/2020,12/18/2029,Voonte,Portugal,Finance,4031796
525,525,6/5/2012,12/16/2015,Youopia,Indonesia,Energy,55175261
526,526,6/4/2016,12/7/2024,Skinte,Indonesia,Technology,84603371
527,527,8/12/2011,11/19/2016,Mudo,Italy,Finance,58413657
528,528,3/31/2017,7/5/2024,Jayo,Colombia,n/a,17680494
529,529,12/14/2015,1/15/2021,Wordpedia,Indonesia,Transportation,70863526
530,530,2/7/2026,2/13/2032,Quamba,Russia,Health Care,7794197
531,531,10/15/2019,2/18/2024,Voomm,Yemen,Health Care,60522251
532,532,6/21/2017,8/25/2018,Jamia,Thailand,n/a,93504741
533,533,12/14/2027,3/18/2032,Cogidoo,China,n/a,29081428
534,534,6/21/2026,8/31/2028,Kimia,Japan,n/a,54411902
535,535,9/13/2017,10/20/2020,Divape,China,Health Care,25884790
536,536,4/1/2026,9/4/2034,Tekfly,Ecuador,Miscellaneous,44350555
537,537,5/11/2020,8/17/2023,Skyble,Czech Republic,Consumer Services,19906349
538,538,8/22/2009,3/23/2018,Pixonyx,China,Consumer Services,50765172
539,539,1/12/2015,2/15/2020,Gevee,Indonesia,Consumer Services,28256380
540,540,7/3/2019,10/4/2026,Voonte,Philippines,Consumer Durables,74245757
541,541,8/29/2026,8/8/2031,Jatri,China,n/a,31573210
542,542,7/29/2015,5/5/2022,Brightdog,Czech Republic,n/a,35952490
543,543,11/2/2028,11/14/2034,Yakijo,Peru,Capital Goods,53186858
544,544,10/5/2022,7/10/2028,Plambee,Nigeria,Technology,42707341
545,545,10/27/2021,1/1/2027,Rhyloo,Tajikistan,Basic Industries,43925193
546,546,2/13/2022,12/15/2029,Browsezoom,Luxembourg,n/a,95129094
547,547,10/13/2023,11/24/2030,Ozu,China,n/a,38833659
548,548,10/17/2022,9/29/2024,Yombu,Egypt,Technology,43878556
549,549,12/17/2017,3/27/2025,Tazz,Greece,Health Care,10351942
550,550,3/14/2026,1/25/2030,Reallinks,China,Finance,26425818
551,551,2/24/2020,3/30/2028,Pixoboo,Brazil,n/a,38397097
552,552,8/26/2026,2/29/2036,Devpoint,Greece,Technology,26494494
553,553,7/18/2012,11/25/2016,Zoomzone,Senegal,Miscellaneous,32152799
554,554,5/24/2018,7/27/2026,Gabtune,Russia,Capital Goods,34312782
555,555,3/6/2022,6/10/2029,Fatz,Philippines,Capital Goods,53757099
556,556,10/29/2027,2/8/2034,Riffpath,Belarus,Capital Goods,45183973
557,557,7/20/2024,11/21/2025,Yombu,Russia,Finance,90495483
558,558,2/2/2019,6/6/2027,Mycat,China,n/a,34790225
559,559,7/13/2020,8/21/2026,Realbuzz,Japan,Consumer Services,11040154
560,560,10/9/2014,8/21/2020,LiveZ,Canada,Health Care,29693104
561,561,2/1/2017,7/7/2022,Buzzbean,Portugal,n/a,7530899
562,562,5/14/2014,10/22/2023,Browsetype,Brazil,Health Care,55286736
563,563,1/24/2019,3/1/2020,Gevee,Argentina,Transportation,60769414
564,564,8/1/2014,3/10/2024,Vinder,Ivory Coast,Public Utilities,98665013
565,565,5/16/2024,9/18/2032,Meevee,Indonesia,Finance,20856566
566,566,12/25/2023,11/4/2030,Riffpath,Indonesia,Consumer Non-Durables,29800123
567,567,3/14/2020,4/26/2027,Jayo,Russia,Capital Goods,45802217
568,568,2/23/2027,2/4/2036,Youtags,Indonesia,Consumer Durables,89745856
569,569,11/21/2014,6/25/2021,Plambee,Philippines,Consumer Services,9020676
570,570,6/16/2019,4/19/2023,Vidoo,Brazil,n/a,39072007
571,571,4/5/2019,12/16/2022,Wikibox,China,Consumer Durables,76001794
572,572,6/26/2025,9/6/2030,Aibox,Portugal,Technology,59024047
573,573,3/23/2013,1/1/2020,Thoughtsphere,North Korea,Consumer Non-Durables,54954231
574,574,11/20/2019,10/21/2028,Yakitri,South Africa,Miscellaneous,22676804
575,575,3/24/2022,8/2/2027,Agimba,Saint Vincent and the Grenadines,Health Care,51530222
576,576,9/8/2021,2/18/2023,Voonder,Cyprus,Consumer Services,69612073
577,577,11/11/2027,11/12/2034,Lajo,China,Capital Goods,50787396
578,578,10/23/2022,3/3/2031,Devbug,Canada,Basic Industries,94368276
579,579,2/23/2016,8/4/2019,Viva,China,Basic Industries,20007779
580,580,6/26/2016,2/3/2019,Blogtags,Argentina,Finance,93856302
581,581,7/28/2016,5/6/2020,Oyonder,Philippines,Capital Goods,64372126
582,582,5/29/2022,12/10/2027,Yozio,United States,n/a,3423604
583,583,5/7/2018,9/9/2020,Quatz,China,Consumer Durables,50355754
584,584,9/16/2024,10/27/2027,Tagtune,Cameroon,n/a,63899263
585,585,12/4/2022,4/5/2030,Linkbridge,Namibia,Finance,66558641
586,586,10/21/2016,7/25/2025,Abatz,Spain,Consumer Services,88419036
587,587,8/30/2017,10/5/2025,Skinix,Indonesia,Consumer Services,28446142
588,588,2/8/2017,6/16/2019,Twitterbeat,China,Transportation,76966450
589,589,1/31/2026,7/13/2029,Zoomzone,Ukraine,Finance,9440622
590,590,3/7/2017,8/19/2024,Tambee,Indonesia,Energy,99844703
591,591,7/14/2019,2/19/2029,Yotz,Lesotho,Capital Goods,59609424
592,592,9/6/2025,5/9/2028,Yodo,China,Consumer Services,35529132
593,593,12/22/2023,4/26/2031,Meedoo,China,Health Care,52080787
594,594,7/7/2022,12/13/2027,Skyba,Afghanistan,Health Care,54431134
595,595,1/11/2021,3/12/2028,Topicshots,Nigeria,Energy,39960833
596,596,8/11/2019,12/22/2024,Zoombeat,Tanzania,Technology,89652756
597,597,5/4/2015,7/15/2025,Realfire,Brazil,Finance,27870600
598,598,2/11/2022,9/19/2024,Skipstorm,China,Health Care,55597500
599,599,3/9/2024,11/10/2030,Tagchat,China,Health Care,87893498
600,600,8/16/2011,12/28/2019,Demimbu,Philippines,Finance,72065353
601,601,1/4/2023,6/10/2031,Katz,Afghanistan,Health Care,33919088
602,602,12/16/2017,2/22/2024,Voonte,Portugal,Finance,30430726
603,603,6/20/2023,10/24/2031,Linkbuzz,Argentina,Transportation,86295352
604,604,8/14/2013,4/16/2020,Bubblebox,Russia,n/a,59590958
605,605,8/2/2020,7/14/2029,Edgeify,China,Consumer Services,6117851
606,606,2/11/2022,5/15/2025,Fadeo,Philippines,Consumer Services,76753925
607,607,7/31/2014,4/10/2017,Katz,Finland,Public Utilities,45973238
608,608,11/18/2016,3/29/2024,Voomm,France,n/a,26183016
609,609,8/20/2014,2/23/2021,Ooba,Indonesia,Finance,65672675
610,610,7/17/2017,10/20/2023,Trudeo,Indonesia,Basic Industries,88446200
611,611,8/30/2019,3/9/2023,Shufflebeat,Thailand,n/a,42500832
612,612,1/27/2024,7/5/2032,Aivee,Kazakhstan,Consumer Services,21306489
613,613,9/17/2015,3/26/2022,Gigaclub,Uzbekistan,Finance,12608370
614,614,12/25/2020,9/30/2027,Eadel,Indonesia,Finance,2309008
615,615,5/10/2030,7/15/2034,Jaxbean,China,Consumer Services,8227598
616,616,8/30/2024,6/6/2031,Dynabox,Philippines,Consumer Services,76813540
617,617,7/22/2022,10/31/2024,Skinix,Poland,Finance,37000247
618,618,5/9/2019,7/18/2026,Brightdog,Mongolia,Consumer Services,29990627
619,619,12/15/2025,1/22/2029,Plajo,Slovenia,Basic Industries,15702923
620,620,11/23/2021,2/2/2029,Trilia,Venezuela,n/a,27207316
621,621,5/11/2015,9/18/2017,Edgewire,Brazil,Finance,53222727
622,622,2/19/2017,4/28/2024,Flashdog,Portugal,n/a,86898395
623,623,1/11/2014,2/19/2021,Rhybox,Czech Republic,n/a,96647729
624,624,11/21/2011,2/2/2020,Chatterpoint,Portugal,Capital Goods,2716458
625,625,5/23/2022,10/1/2031,Rhycero,France,Health Care,59081832
626,626,12/25/2023,7/2/2028,Tazz,Philippines,n/a,24364958
627,627,11/21/2015,8/26/2022,Zava,China,Miscellaneous,90458445
628,628,7/23/2025,4/30/2031,Twitterbeat,China,Technology,13609178
629,629,8/14/2021,6/23/2026,Thoughtworks,Honduras,Transportation,78252691
630,630,10/10/2016,12/14/2020,Pixope,China,Consumer Services,59900841
631,631,1/16/2012,11/25/2017,Ooba,Belarus,Finance,38857590
632,632,3/25/2025,3/2/2034,Reallinks,Ukraine,Health Care,31282507
633,633,2/5/2013,5/10/2014,Fiveclub,Finland,Capital Goods,21078666
634,634,4/22/2017,1/2/2019,Brainsphere,Sweden,Health Care,36193766
635,635,3/23/2013,10/2/2015,Abata,Brazil,Technology,54414366
636,636,5/27/2023,9/6/2028,Babbleblab,Indonesia,Transportation,5838104
637,637,4/4/2019,8/11/2023,Devbug,Brazil,Health Care,2769494
638,638,4/15/2019,1/25/2026,Snaptags,Angola,Health Care,84662574
639,639,11/24/2028,8/2/2036,Flashset,Ukraine,n/a,45805574
640,640,7/31/2027,12/11/2035,Voonyx,Gambia,Finance,89985992
641,641,6/9/2022,10/11/2028,Fadeo,Cuba,n/a,78743646
642,642,7/30/2018,12/8/2019,Wikibox,Argentina,Health Care,7530769
643,643,3/9/2022,5/13/2031,Zoomlounge,Argentina,n/a,71705255
644,644,7/10/2019,10/16/2025,Quatz,Cuba,Transportation,46863805
645,645,3/22/2022,3/25/2027,Zoombox,Ukraine,Consumer Services,23129825
646,646,11/2/2015,12/4/2018,Einti,Russia,Public Utilities,52737531
647,647,5/17/2021,2/23/2027,Dabfeed,China,Basic Industries,98416618
648,648,2/19/2018,8/26/2025,Voonder,Malaysia,Miscellaneous,6099178
649,649,8/21/2023,5/31/2029,Tazzy,Indonesia,Capital Goods,80397451
650,650,3/14/2018,5/18/2023,LiveZ,Poland,Health Care,90406797
651,651,6/29/2023,12/1/2029,Omba,Kazakhstan,Health Care,51224412
652,652,5/19/2024,11/25/2031,Bubblebox,Vietnam,n/a,942117
653,653,7/10/2017,10/18/2021,Oodoo,Russia,Public Utilities,67600896
654,654,12/16/2023,5/28/2030,Browsedrive,Sweden,Capital Goods,24519180
655,655,6/29/2019,7/4/2028,Thoughtmix,China,Capital Goods,13883469
656,656,5/9/2018,4/12/2021,Eire,Indonesia,Health Care,77099616
657,657,8/2/2017,4/12/2025,Quinu,Suriname,Public Utilities,22546188
658,658,3/25/2029,12/3/2035,Trunyx,Portugal,n/a,97431200
659,659,10/4/2020,1/13/2023,Buzzbean,Poland,Health Care,80386349
660,660,8/19/2017,4/21/2023,Edgepulse,France,Basic Industries,73090117
661,661,9/6/2018,5/12/2021,Zoonoodle,Finland,Health Care,5427805
662,662,1/5/2024,9/8/2031,Kwideo,China,Consumer Services,22949717
663,663,11/28/2022,5/3/2031,Mynte,China,Finance,9568059
664,664,1/17/2020,11/25/2021,Oozz,Russia,Finance,19687223
665,665,1/26/2022,1/29/2029,Geba,Indonesia,Capital Goods,58009724
666,666,10/20/2025,11/28/2035,Jamia,Indonesia,n/a,33600351
667,667,7/6/2020,6/12/2027,Ailane,Kyrgyzstan,Transportation,36806600
668,668,12/3/2017,2/13/2025,Buzzshare,Russia,Public Utilities,19983715
669,669,11/13/2017,3/24/2025,Kwimbee,Nigeria,Finance,35112680
670,670,7/19/2017,10/27/2023,Photobean,China,Consumer Services,3717900
671,671,1/4/2027,4/14/2033,Rhybox,Japan,Basic Industries,91463921
672,672,11/22/2022,8/24/2031,Devpoint,Nigeria,n/a,54939535
673,673,1/6/2027,8/10/2028,Reallinks,Cuba,Health Care,19535295
674,674,4/17/2020,6/18/2023,Dynava,Philippines,Technology,46745864
675,675,3/27/2017,1/5/2021,Digitube,China,n/a,27622010
676,676,8/14/2020,2/19/2024,Ntag,Ukraine,n/a,5109621
677,677,6/23/2021,6/28/2024,Buzzdog,Haiti,Technology,28155096
678,678,6/5/2022,4/16/2025,Skynoodle,Indonesia,Capital Goods,17993663
679,679,4/3/2020,6/6/2023,Fivespan,Czech Republic,Health Care,6805859
680,680,11/15/2017,1/18/2019,Geba,Argentina,n/a,3922585
681,681,11/23/2026,12/3/2035,Babblestorm,Canada,n/a,53267756
682,682,12/29/2017,5/5/2025,Snaptags,Mexico,Technology,1677297
683,683,9/10/2012,2/14/2022,Mycat,Thailand,Finance,59267079
684,684,6/25/2016,4/2/2020,Zooxo,Brazil,Health Care,99117126
685,685,2/18/2013,1/30/2019,Twiyo,United States,n/a,48113824
686,686,10/25/2021,2/1/2027,Katz,Poland,Public Utilities,74721545
687,687,12/5/2013,2/9/2018,Vidoo,Czech Republic,n/a,57555198
688,688,6/2/2022,4/11/2025,Flipbug,Brazil,n/a,29212951
689,689,7/7/2019,9/15/2024,Ooba,Australia,n/a,49298131
690,690,4/4/2027,11/8/2033,Buzzdog,Finland,Capital Goods,50503542
691,691,8/26/2023,5/28/2032,Bubbletube,Norway,Health Care,48221300
692,692,8/2/2019,6/5/2028,Centizu,Albania,n/a,27197521
693,693,1/21/2024,4/25/2027,Aibox,Philippines,Technology,32423959
694,694,2/18/2025,8/21/2030,Dabfeed,China,Transportation,59059881
695,695,4/5/2020,1/10/2022,Trunyx,Russia,Consumer Services,6103085
696,696,7/15/2024,9/16/2032,Realcube,Indonesia,Consumer Non-Durables,36960024
697,697,12/28/2014,1/8/2020,Topiclounge,Indonesia,Basic Industries,85427458
698,698,9/7/2015,11/13/2021,Twitterworks,Bangladesh,Finance,44174834
699,699,12/6/2020,6/15/2028,Wikizz,Philippines,n/a,49538051
700,700,6/25/2016,1/1/2027,Wikizz,Finland,Finance,34481194
701,701,11/16/2014,10/28/2020,Snaptags,North Korea,n/a,49795442
702,702,11/7/2021,5/9/2028,Wikizz,Vietnam,Capital Goods,44896289
703,703,10/13/2019,12/21/2025,Agivu,China,n/a,24284591
704,704,2/1/2024,5/8/2027,Quire,China,Finance,68125345
705,705,9/15/2017,10/24/2024,Realcube,Argentina,Miscellaneous,69349061
706,706,6/21/2015,11/22/2022,Ooba,Portugal,Capital Goods,81688171
707,707,11/5/2021,10/15/2025,Teklist,China,Energy,31152842
708,708,10/24/2018,5/28/2026,Skilith,Chile,Basic Industries,37975334
709,709,4/22/2017,4/26/2022,Skyndu,Croatia,Basic Industries,58878133
710,710,9/3/2018,11/5/2028,Dablist,Haiti,Technology,98502635
711,711,5/10/2017,11/13/2024,Zoombox,Sweden,Finance,54115783
712,712,5/25/2024,7/27/2027,Eimbee,Belarus,Finance,28713346
713,713,2/8/2019,7/19/2021,Photofeed,Indonesia,Finance,94266682
714,714,6/5/2015,12/8/2021,Skinix,Thailand,n/a,56676261
715,715,7/1/2020,9/13/2022,Quamba,Poland,Transportation,82750200
716,716,7/14/2016,3/19/2018,Voolia,Russia,Public Utilities,21864952
717,717,11/28/2019,5/8/2026,Skibox,Philippines,n/a,59223842
718,718,7/28/2018,4/30/2027,Kwimbee,United States,Finance,65123482
719,719,3/15/2026,6/18/2030,Youspan,Brazil,Consumer Durables,62991536
720,720,8/31/2014,9/9/2021,Flashspan,Argentina,Consumer Services,80430329
721,721,6/29/2023,1/30/2032,Edgeclub,China,n/a,81386882
722,722,4/16/2023,2/24/2026,Zoonder,Indonesia,Health Care,27670064
723,723,4/16/2027,12/26/2033,Zoovu,Indonesia,Health Care,20308610
724,724,3/13/2022,2/20/2024,Yombu,Colombia,Consumer Services,5218004
725,725,4/8/2019,1/20/2021,Yozio,China,Finance,64020496
726,726,9/19/2019,1/23/2030,Kazio,Greece,Technology,10653190
727,727,7/31/2022,11/7/2029,Jabberbean,Brazil,Technology,91183517
728,728,9/19/2018,3/29/2025,Jayo,China,n/a,25391428
729,729,5/4/2021,10/13/2031,Yoveo,Sweden,Technology,50906127
730,730,2/9/2016,3/19/2018,Yozio,Indonesia,Energy,90178592
731,731,11/24/2025,1/29/2030,Browseblab,Portugal,Finance,57724239
732,732,3/24/2022,10/2/2028,Zava,United States,Capital Goods,61449619
733,733,4/30/2026,7/9/2028,Dabjam,Romania,Health Care,64349912
734,734,11/21/2020,5/24/2030,Skinte,China,Capital Goods,72758422
735,735,8/1/2016,1/2/2023,Wikizz,France,Public Utilities,44579724
736,736,10/24/2022,4/1/2030,Flashset,Poland,Consumer Services,17511050
737,737,6/22/2022,10/1/2029,Yabox,Portugal,n/a,43898733
738,738,1/23/2023,12/28/2030,Blogspan,Colombia,n/a,4703950
739,739,3/10/2018,7/22/2025,Flipbug,Colombia,Finance,29687524
740,740,9/14/2024,7/16/2028,Edgetag,Brazil,Public Utilities,28488762
741,741,5/3/2016,7/12/2023,Yodoo,Afghanistan,n/a,74834004
742,742,5/2/2023,4/6/2028,Centizu,China,Energy,45636896
743,743,4/24/2018,6/26/2021,Twitterlist,Russia,Consumer Services,16291960
744,744,9/1/2030,2/8/2038,Aimbo,Tanzania,n/a,32391449
745,745,8/17/2018,10/28/2023,Babblestorm,Russia,Capital Goods,78934545
746,746,12/23/2019,1/25/2025,Janyx,Indonesia,Basic Industries,98636194
747,747,6/9/2022,8/12/2032,Feednation,Kazakhstan,Consumer Durables,76445003
748,748,2/19/2023,12/24/2030,Eabox,Indonesia,Miscellaneous,26300864
749,749,9/30/2019,4/11/2028,Zooveo,Sweden,n/a,54103810
750,750,11/22/2018,6/3/2022,Oozz,France,Miscellaneous,48533042
751,751,11/3/2019,2/11/2027,Jabbertype,United Kingdom,Consumer Services,94121062
752,752,4/19/2015,5/23/2019,Twitterbridge,Indonesia,Technology,63383008
753,753,5/12/2015,7/17/2024,Babbleblab,Egypt,Consumer Services,8117227
754,754,10/11/2019,3/20/2024,Demivee,China,n/a,87330344
755,755,2/26/2015,5/1/2021,Tekfly,Russia,Capital Goods,83990111
756,756,12/18/2018,2/22/2025,Tagfeed,Peru,Finance,50273790
757,757,6/16/2022,2/27/2029,Jaxworks,Russia,Public Utilities,90540969
758,758,3/16/2025,4/26/2029,Zoombox,Indonesia,Technology,95341292
759,759,9/20/2010,9/24/2016,Thoughtstorm,Chile,Energy,54530176
760,760,9/24/2022,10/30/2025,Kazio,Indonesia,Transportation,4329185
761,761,4/19/2014,3/29/2019,Tanoodle,Ukraine,Health Care,32345428
762,762,6/7/2030,2/11/2036,Yotz,Czech Republic,Finance,4154589
763,763,7/30/2018,5/12/2026,Gigazoom,Indonesia,n/a,81632538
764,764,12/3/2024,7/6/2028,Lazzy,China,Energy,11703225
765,765,5/27/2018,8/3/2025,Rhyloo,France,Consumer Non-Durables,63567458
766,766,2/3/2018,3/10/2026,Blognation,United States,Consumer Services,26868058
767,767,6/25/2021,8/6/2031,Pixoboo,Poland,Finance,29866905
768,768,11/21/2020,4/30/2026,Bubblebox,Poland,Consumer Services,37287365
769,769,7/16/2027,9/19/2030,Skidoo,Indonesia,Finance,10732904
770,770,6/5/2025,1/7/2028,Lazzy,Angola,Capital Goods,62785372
771,771,12/25/2023,10/28/2030,Youopia,Philippines,Finance,17240928
772,772,11/11/2023,9/15/2029,Twinte,Russia,Consumer Services,20855663
773,773,11/1/2018,7/8/2026,Skyndu,Portugal,n/a,52364432
774,774,10/4/2018,3/6/2022,Topicstorm,Mexico,Health Care,38528517
775,775,7/30/2019,8/3/2022,Photobug,Indonesia,Finance,16674935
776,776,6/8/2022,10/9/2029,Dablist,China,n/a,87177970
777,777,10/15/2024,2/23/2026,Twitterwire,Brazil,Basic Industries,64706671
778,778,3/14/2020,8/20/2023,Flashdog,Nicaragua,Consumer Services,81894813
779,779,10/29/2024,6/2/2027,Cogidoo,New Zealand,Consumer Non-Durables,19080774
780,780,7/28/2022,7/6/2027,Avaveo,Russia,Finance,8016285
781,781,4/6/2011,4/14/2014,Yakitri,Thailand,Consumer Services,81890665
782,782,6/28/2014,10/29/2022,Digitube,China,Consumer Non-Durables,89706788
783,783,11/24/2024,2/4/2028,Leenti,China,Health Care,65446986
784,784,3/31/2024,5/7/2031,Reallinks,China,Public Utilities,57509158
785,785,2/16/2022,3/25/2030,Divape,Colombia,Health Care,25183122
786,786,9/13/2019,3/14/2026,Centimia,Yemen,Finance,21312638
787,787,7/22/2022,12/27/2027,Jatri,Ireland,n/a,47186328
788,788,3/17/2023,4/18/2031,Skalith,Argentina,Health Care,59353927
789,789,8/14/2028,2/25/2034,Tekfly,Canada,Consumer Services,91569093
790,790,10/3/2020,12/10/2025,Aimbo,Russia,n/a,42886815
791,791,5/9/2017,2/10/2022,Jatri,Dominican Republic,Capital Goods,30920924
792,792,7/13/2018,9/25/2023,Linkbridge,China,n/a,86661023
793,793,4/9/2018,11/20/2023,Zoombox,China,n/a,87825550
794,794,10/1/2019,7/12/2028,Youfeed,Poland,n/a,28497114
795,795,2/21/2019,4/2/2024,Pixonyx,Indonesia,n/a,54458611
796,796,4/18/2016,9/27/2024,Quimm,Kenya,Consumer Services,9915328
797,797,3/15/2023,5/21/2025,Leexo,Madagascar,Technology,43809436
798,798,2/5/2015,8/16/2024,Gigazoom,France,Public Utilities,91058435
799,799,11/9/2011,7/14/2019,Kwinu,Jordan,Consumer Durables,93262749
800,800,9/27/2025,1/7/2032,Brightbean,Indonesia,n/a,28156033
801,801,8/4/2023,4/13/2030,Yata,Bosnia and Herzegovina,Finance,55969759
802,802,11/22/2015,1/31/2026,LiveZ,Russia,Finance,5758743
803,803,1/25/2018,12/27/2023,Tagpad,United States,Technology,77401355
804,804,8/4/2014,4/14/2017,Eidel,Mexico,Consumer Services,69128691
805,805,6/2/2024,6/5/2027,Jetwire,Czech Republic,Consumer Non-Durables,84948594
806,806,4/16/2025,8/19/2033,Quimm,Guatemala,Capital Goods,3198253
807,807,5/7/2014,2/10/2022,Youopia,Poland,Consumer Services,82191125
808,808,12/17/2021,11/21/2023,Thoughtbeat,Panama,n/a,8645802
809,809,8/2/2024,7/9/2030,Kwimbee,Croatia,Basic Industries,36999228
810,810,5/25/2012,1/1/2020,Quimba,South Africa,Consumer Non-Durables,94411129
811,811,11/7/2019,12/14/2026,Leenti,El Salvador,Finance,3734306
812,812,8/20/2017,10/21/2018,Eadel,China,Technology,54900291
813,813,1/3/2013,1/9/2020,Quamba,Portugal,Consumer Non-Durables,56454665
814,814,8/9/2023,9/18/2028,Quinu,Argentina,Capital Goods,9673301
815,815,9/8/2019,10/11/2023,Thoughtstorm,Russia,n/a,95729894
816,816,1/2/2024,1/4/2032,Camido,Monaco,n/a,85597615
817,817,12/20/2025,12/31/2030,Divape,China,n/a,24878956
818,818,7/3/2026,7/7/2033,Skinder,Poland,Technology,61656561
819,819,1/20/2025,3/1/2034,Gabtype,Nigeria,Health Care,14662276
820,820,11/16/2019,12/17/2028,Skyba,France,Consumer Services,75984954
821,821,6/24/2022,10/3/2029,Topicshots,France,Finance,87569208
822,822,3/13/2012,2/24/2017,Vidoo,France,Consumer Services,79967999
823,823,12/9/2020,9/18/2023,Quatz,Tunisia,n/a,69657996
824,824,6/2/2026,7/4/2032,Vinder,France,Consumer Services,66657091
825,825,8/17/2016,4/18/2021,Youfeed,Poland,Consumer Services,23368625
826,826,7/8/2019,4/17/2021,Mynte,Montenegro,Capital Goods,58127142
827,827,1/18/2015,1/20/2019,Camido,Philippines,n/a,89728745
828,828,9/15/2022,4/20/2027,Gabtune,Japan,Capital Goods,21743831
829,829,8/22/2028,8/28/2032,Viva,China,Consumer Services,91359681
830,830,3/26/2015,12/7/2019,Twitterbridge,Indonesia,Energy,65935277
831,831,3/22/2017,6/30/2025,Meejo,Indonesia,n/a,51741587
832,832,9/1/2021,10/13/2023,Voonyx,Philippines,Public Utilities,28134369
833,833,11/5/2023,2/10/2033,Wordtune,China,Consumer Services,14040713
834,834,12/27/2022,10/5/2027,DabZ,Brazil,Finance,82755498
835,835,12/26/2023,5/28/2029,Babbleblab,Burkina Faso,Health Care,68850073
836,836,7/14/2023,7/24/2028,Mybuzz,France,Finance,8697326
837,837,3/28/2025,7/9/2033,Zoomzone,Russia,Health Care,94634341
838,838,6/14/2024,11/18/2030,Twitterbridge,Philippines,Finance,4152142
839,839,1/17/2016,6/18/2018,Skiba,Russia,Consumer Services,92901473
840,840,5/21/2021,5/24/2027,Kanoodle,China,Consumer Services,32825750
841,841,12/16/2024,3/19/2033,Jamia,Poland,Health Care,67248864
842,842,9/4/2015,10/9/2018,Myworks,Indonesia,Finance,56704664
843,843,6/3/2020,2/8/2025,Vimbo,Indonesia,Consumer Services,47599133
844,844,5/30/2020,10/1/2030,Eazzy,Poland,Public Utilities,57528282
845,845,12/18/2013,8/28/2015,Bluejam,China,Health Care,29221266
846,846,10/18/2028,3/1/2031,Meejo,Indonesia,Health Care,57653805
847,847,4/4/2013,2/15/2021,Livetube,China,Finance,54348677
848,848,3/11/2018,8/17/2026,Myworks,Morocco,Energy,38544888
849,849,2/24/2021,5/26/2029,Npath,Indonesia,Finance,56283977
850,850,12/10/2024,10/20/2033,Realblab,Japan,Consumer Services,68312796
851,851,7/1/2020,2/9/2029,Lazz,China,Health Care,15457517
852,852,12/24/2014,6/4/2016,Gabvine,Switzerland,n/a,80663647
853,853,5/29/2025,9/6/2031,Yodel,Indonesia,Health Care,44969752
854,854,11/15/2022,2/19/2032,Tambee,Serbia,Energy,84215659
855,855,9/10/2018,2/16/2022,Riffpedia,Estonia,Public Utilities,35222095
856,856,12/23/2018,8/24/2026,Devify,China,Technology,77316442
857,857,5/9/2017,9/17/2023,Zooveo,Philippines,n/a,88546937
858,858,10/24/2023,9/28/2029,Gevee,Sweden,Consumer Non-Durables,46207525
859,859,4/28/2015,1/5/2024,Omba,Brazil,Transportation,35435957
860,860,8/5/2020,9/14/2024,Abatz,Indonesia,Consumer Services,51905990
861,861,10/2/2019,10/6/2023,Minyx,Indonesia,Consumer Non-Durables,38037454
862,862,1/16/2018,4/26/2022,Flashspan,Philippines,n/a,92295047
863,863,2/8/2028,1/12/2036,Jayo,China,n/a,56519485
864,864,6/18/2029,7/19/2032,Brainsphere,Myanmar,Finance,99458420
865,865,12/20/2027,4/23/2034,Skipstorm,Venezuela,n/a,43503066
866,866,1/14/2021,7/16/2030,Livefish,Portugal,Health Care,23545704
867,867,4/28/2026,4/9/2032,Trudoo,Cuba,Public Utilities,10938521
868,868,10/16/2023,6/27/2029,Shuffletag,Malaysia,Transportation,27801408
869,869,7/20/2025,11/26/2030,Linkbridge,China,Consumer Services,64259434
870,870,11/14/2021,12/24/2025,Edgetag,Colombia,n/a,50847577
871,871,8/4/2023,3/6/2026,Skyba,Poland,Consumer Services,52318084
872,872,7/26/2018,5/4/2024,Feednation,Russia,Energy,94455963
873,873,4/1/2025,3/6/2033,Skipfire,Philippines,Technology,32208545
874,874,11/4/2026,1/15/2037,Zooxo,China,Health Care,50295431
875,875,4/9/2022,6/16/2030,Zoonder,Marshall Islands,Finance,47449365
876,876,8/5/2015,8/16/2018,Eare,Ukraine,Health Care,8527381
877,877,4/6/2017,5/13/2025,Jamia,Indonesia,Public Utilities,81864392
878,878,1/27/2018,12/2/2021,Devpoint,Czech Republic,Energy,12981388
879,879,12/18/2022,8/25/2030,Yakitri,China,n/a,12608361
880,880,11/1/2021,7/3/2028,Oyoba,Ukraine,n/a,49547057
881,881,11/1/2022,12/9/2023,Shuffledrive,Philippines,Basic Industries,64696876
882,882,10/4/2014,2/8/2021,Tambee,United States,n/a,47947761
883,883,4/11/2027,9/23/2032,Flipbug,Canada,n/a,11078803
884,884,4/13/2012,7/21/2014,Youopia,Madagascar,Consumer Services,4943290
885,885,5/1/2028,11/11/2035,Babbleopia,Russia,Consumer Services,25494483
886,886,7/28/2021,1/30/2026,Innotype,Brazil,n/a,52769732
887,887,2/8/2022,11/10/2031,Skinder,Malaysia,n/a,32817997
888,888,3/25/2021,4/3/2025,Skiptube,Uganda,Technology,75089122
889,889,6/15/2016,4/23/2022,Trupe,China,n/a,28395018
890,890,10/19/2019,5/23/2027,BlogXS,Sweden,n/a,16672546
891,891,11/6/2019,3/13/2029,Yakidoo,Poland,Energy,28580954
892,892,1/22/2022,12/25/2024,Aibox,Croatia,n/a,5557547
893,893,5/11/2027,2/19/2036,Fatz,Czech Republic,Transportation,24913706
894,894,9/6/2020,5/16/2025,Thoughtbeat,Russia,Technology,76123670
895,895,10/4/2022,11/8/2024,Brightdog,Croatia,Health Care,65258865
896,896,12/23/2018,7/27/2026,Nlounge,Bulgaria,Finance,87412630
897,897,6/9/2026,3/12/2034,Eare,Japan,n/a,38218681
898,898,9/17/2019,3/19/2024,Meeveo,Albania,Health Care,94527218
899,899,11/16/2016,3/17/2019,Realpoint,Colombia,Health Care,62707108
900,900,11/16/2017,12/19/2024,Chatterbridge,China,Finance,81789956
901,901,9/22/2028,4/27/2032,Flashdog,United States,Health Care,56434332
902,902,2/20/2018,5/24/2022,Latz,Indonesia,Transportation,79270796
903,903,2/24/2020,2/4/2025,Photobug,Greece,n/a,67687992
904,904,11/21/2027,1/25/2036,Buzzshare,Ivory Coast,Health Care,1435570
905,905,11/28/2016,11/30/2026,Jayo,Finland,Energy,6188599
906,906,1/10/2024,3/12/2027,Jaxspan,Peru,n/a,88759659
907,907,3/22/2021,10/31/2027,Photolist,Brazil,Finance,49327651
908,908,10/20/2025,6/26/2029,Youtags,France,Capital Goods,88739185
909,909,10/25/2026,1/28/2033,Gabspot,Mexico,Miscellaneous,17551075
910,910,4/7/2020,8/18/2028,Skyvu,Poland,Technology,38138046
911,911,5/9/2018,10/20/2021,Meeveo,Hungary,n/a,10742114
912,912,11/13/2020,3/25/2029,Trudeo,Tajikistan,n/a,21887485
913,913,6/20/2020,5/26/2027,Ntags,Poland,Finance,56465262
914,914,7/18/2014,7/27/2024,Skinte,United States,Consumer Durables,99271235
915,915,11/5/2025,11/8/2031,Buzzdog,China,n/a,22593132
916,916,2/14/2021,7/23/2031,Devify,Azerbaijan,Health Care,60669582
917,917,7/20/2023,10/29/2030,Quimba,Indonesia,Consumer Services,71545092
918,918,11/1/2019,4/9/2023,Thoughtblab,Pakistan,Public Utilities,5146315
919,919,11/26/2017,2/5/2021,Riffpedia,China,Finance,88339679
920,920,4/24/2022,6/3/2024,Einti,Poland,n/a,11805786
921,921,8/31/2018,12/11/2025,Omba,Russia,n/a,44454716
922,922,1/18/2022,9/25/2031,Livetube,Armenia,n/a,52862615
923,923,11/17/2010,9/19/2017,Kwideo,Portugal,Consumer Services,60839026
924,924,7/17/2021,9/23/2024,Meevee,Japan,Technology,46994394
925,925,4/18/2014,6/27/2020,Oyoyo,Ethiopia,Public Utilities,55158313
926,926,11/9/2014,4/16/2021,Linktype,Russia,Consumer Services,57038759
927,927,3/29/2021,7/4/2024,Linktype,Afghanistan,Health Care,42283114
928,928,6/8/2022,6/10/2030,Rhycero,Thailand,Consumer Services,93281400
929,929,10/13/2013,10/21/2019,Snaptags,France,Finance,41570703
930,930,1/10/2022,11/13/2028,Zooveo,Peru,Consumer Services,93337457
931,931,10/23/2029,1/30/2034,Realfire,Sweden,n/a,9514845
932,932,11/28/2025,3/9/2029,Photospace,China,Technology,97642230
933,933,5/18/2018,5/24/2026,Gabtune,Russia,Consumer Services,74457038
934,934,9/28/2021,4/2/2028,Realmix,Albania,n/a,60176262
935,935,7/1/2010,4/7/2020,Youspan,Russia,n/a,59186584
936,936,3/21/2018,7/28/2025,Meembee,Spain,Health Care,55001807
937,937,1/22/2024,6/3/2032,Skipfire,Poland,n/a,57806917
938,938,5/26/2027,12/4/2030,Dazzlesphere,France,Finance,49273932
939,939,1/9/2015,4/14/2019,Yakidoo,Honduras,Finance,47878741
940,940,9/28/2014,11/1/2021,Fivechat,Indonesia,Technology,53037215
941,941,10/16/2011,1/18/2021,Kamba,Japan,Finance,61001620
942,942,8/20/2025,6/25/2029,Yodel,Sweden,n/a,91637308
943,943,5/16/2023,10/17/2030,Kwinu,Serbia,Finance,72711624
944,944,6/6/2022,4/12/2030,Blogspan,Honduras,n/a,39172028
945,945,12/24/2020,10/3/2030,Vipe,Thailand,Consumer Non-Durables,93729821
946,946,12/3/2018,10/15/2023,Thoughtworks,China,Transportation,38228698
947,947,1/27/2027,6/8/2035,Voolith,China,n/a,24651824
948,948,3/4/2018,12/11/2024,Topiczoom,Ukraine,Health Care,49365106
949,949,1/10/2019,3/21/2021,DabZ,Czech Republic,Energy,53310814
950,950,8/9/2019,2/10/2024,Topicware,Honduras,n/a,24197738
951,951,4/13/2024,4/21/2034,Teklist,Argentina,Technology,80391308
952,952,5/16/2023,12/24/2028,Rhycero,China,Health Care,16850368
953,953,6/20/2018,12/2/2019,Centidel,Iran,Basic Industries,83905046
954,954,8/25/2014,9/27/2018,Voonder,Indonesia,Public Utilities,35499932
955,955,2/12/2026,6/16/2031,Twitterbridge,Indonesia,Consumer Services,70142270
956,956,8/8/2020,4/19/2028,Babbleset,Poland,Technology,45335019
957,957,12/10/2018,1/11/2024,Eayo,Brazil,Public Utilities,92441368
958,958,4/6/2013,4/13/2018,Skippad,Libya,Finance,1796308
959,959,4/1/2020,11/5/2024,Gigazoom,Indonesia,Consumer Non-Durables,96394276
960,960,3/31/2019,3/6/2027,Kwideo,Mexico,Miscellaneous,9402759
961,961,3/22/2019,4/24/2026,Youbridge,Niger,Energy,94075830
962,962,5/21/2022,3/23/2031,Dabtype,Greece,n/a,65233659
963,963,10/31/2026,4/4/2035,Zoomzone,Thailand,Health Care,91763798
964,964,7/13/2019,1/18/2026,Dynava,Poland,n/a,11236104
965,965,12/29/2024,12/7/2034,Centimia,Slovenia,Consumer Services,73260680
966,966,5/11/2023,8/18/2029,Einti,Cuba,Consumer Services,1419975
967,967,9/23/2025,1/3/2032,Tagchat,Indonesia,Finance,64737476
968,968,7/2/2014,3/3/2021,Pixonyx,Finland,Finance,42251487
969,969,3/7/2022,4/12/2031,Linkbuzz,Indonesia,Consumer Services,52835198
970,970,1/20/2009,5/25/2017,Tazz,China,Technology,64922410
971,971,4/26/2019,3/8/2027,Gigashots,Indonesia,n/a,80121157
972,972,9/1/2016,2/11/2022,Youtags,China,Technology,62085712
973,973,12/22/2016,5/3/2023,Kazu,China,n/a,27066137
974,974,1/7/2023,7/8/2025,Lazzy,Brazil,n/a,63967632
975,975,4/22/2026,8/28/2032,Plajo,Greece,Consumer Services,11577243
976,976,10/20/2017,9/24/2020,Photolist,Japan,Consumer Services,66309470
977,977,7/2/2025,7/5/2034,Brainbox,Ivory Coast,Finance,64726413
978,978,2/8/2021,8/10/2023,Kwimbee,Moldova,Finance,29625929
979,979,4/11/2016,7/21/2020,Gigashots,Serbia,n/a,48517631
980,980,6/18/2012,9/20/2022,Jetwire,China,n/a,86502335
981,981,5/10/2012,8/14/2015,Npath,Philippines,Capital Goods,54780338
982,982,11/18/2029,4/23/2038,Kayveo,Indonesia,Technology,59380389
983,983,12/2/2028,5/3/2035,Jabbersphere,Indonesia,Capital Goods,17983864
984,984,9/8/2028,6/20/2036,Kare,Brazil,n/a,59841392
985,985,10/4/2013,11/15/2019,Skajo,China,n/a,82801133
986,986,3/8/2029,7/14/2034,Oozz,France,n/a,24977336
987,987,7/28/2023,7/29/2027,Cogibox,China,Consumer Non-Durables,24866941
988,988,10/29/2016,1/4/2025,Livetube,Kazakhstan,Finance,80135632
989,989,2/15/2024,7/18/2027,Brainverse,Malta,Health Care,12590288
990,990,12/24/2024,5/27/2029,Yombu,Japan,Energy,92682087
991,991,10/16/2015,9/18/2022,Zoonder,Kyrgyzstan,Consumer Durables,85522946
992,992,7/27/2023,5/2/2029,Zoonder,Armenia,Basic Industries,95727969
993,993,1/21/2020,5/2/2027,Yoveo,Indonesia,n/a,43861243
994,994,5/23/2023,10/27/2026,Zava,Lebanon,Miscellaneous,36751968
995,995,7/18/2019,8/19/2023,Divavu,China,n/a,29146517
996,996,4/29/2016,10/4/2024,Photobean,Spain,Consumer Services,62049951
997,997,11/14/2025,10/26/2034,Rhycero,Finland,Health Care,23801883
998,998,9/29/2025,7/7/2031,Buzzshare,Russia,Technology,82296594
999,999,6/19/2011,9/24/2015,Yodo,Indonesia,Health Care,80602602
1000,1000,12/1/2013,11/5/2018,Eidel,Sweden,Consumer Services,7475925
